node_id,community
0,1
1,14
2,50
3,45
4,48
5,42
6,15
7,33
8,57
9,11
10,57
11,39
12,12
13,52
14,16
15,22
16,38
17,44
18,40
19,15
20,29
21,39
22,58
23,19
24,57
25,11
26,6
27,5
28,4
29,4
30,1
31,51
32,55
33,61
34,0
35,58
36,26
37,38
38,21
39,21
40,50
41,15
42,44
43,55
44,19
45,50
46,35
47,12
48,52
49,0
50,9
51,64
52,39
53,11
54,11
55,45
56,48
57,59
58,6
59,56
60,39
61,19
62,28
63,2
64,8
65,50
66,9
67,48
68,28
69,2
70,28
71,40
72,1
73,65
74,65
75,30
76,39
77,27
78,4
79,1
80,14
81,26
82,59
83,15
84,31
85,61
86,50
87,39
88,5
89,64
90,53
91,49
92,11
93,58
94,2
95,12
96,56
97,20
98,3
99,60
100,8
101,37
102,11
103,49
104,2
105,27
106,3
107,11
108,6
109,67
110,25
111,53
112,40
113,21
114,13
115,15
116,19
117,19
118,35
119,4
120,18
121,31
122,11
123,51
124,1
125,37
126,4
127,50
128,26
129,20
130,39
131,2
132,38
133,26
134,51
135,7
136,48
137,51
138,28
139,17
140,49
141,34
142,22
143,43
144,2
145,60
146,61
147,24
148,9
149,17
150,31
151,37
152,29
153,41
154,21
155,56
156,47
157,13
158,15
159,36
160,11
161,5
162,44
163,44
164,47
165,20
166,48
167,21
168,21
169,22
170,45
171,51
172,14
173,53
174,6
175,4
176,45
177,18
178,50
179,16
180,10
181,1
182,15
183,50
184,20
185,14
186,39
187,57
188,2
189,1
190,28
191,0
192,57
193,3
194,40
195,22
196,21
197,25
198,0
199,30
200,56
201,16
202,33
203,18
204,7
205,1
206,46
207,34
208,34
209,12
210,66
211,53
212,8
213,40
214,22
215,2
216,23
217,47
218,9
219,16
220,34
221,59
222,9
223,53
224,36
225,33
226,26
227,20
228,46
229,60
230,4
231,1
232,31
233,28
234,28
235,36
236,3
237,47
238,36
239,22
240,47
241,6
242,44
243,23
244,20
245,2
246,16
247,30
248,17
249,19
250,20
251,61
252,46
253,64
254,45
255,27
256,35
257,32
258,56
259,43
260,29
261,62
262,37
263,29
264,7
265,24
266,1
267,35
268,54
269,13
270,24
271,17
272,0
273,58
274,44
275,63
276,33
277,12
278,8
279,27
280,13
281,14
282,45
283,39
284,43
285,23
286,41
287,9
288,66
289,63
290,39
291,29
292,63
293,54
294,32
295,63
296,52
297,48
298,14
299,16
300,16
301,17
302,35
303,33
304,52
305,30
306,38
307,25
308,35
309,52
310,0
311,31
312,5
313,26
314,24
315,29
316,59
317,44
318,21
319,35
320,60
321,21
322,33
323,13
324,43
325,19
326,7
327,2
328,4
329,17
330,10
331,34
332,26
333,56
334,36
335,0
336,1
337,54
338,21
339,22
340,10
341,61
342,54
343,22
344,15
345,16
346,56
347,59
348,61
349,65
350,59
351,24
352,54
353,68
354,24
355,16
356,16
357,2
358,14
359,21
360,1
361,34
362,20
363,26
364,3
365,44
366,34
367,8
368,6
369,24
370,8
371,43
372,56
373,21
374,53
375,55
376,45
377,39
378,26
379,56
380,14
381,10
382,24
383,40
384,0
385,6
386,61
387,20
388,2
389,51
390,28
391,54
392,15
393,13
394,13
395,21
396,52
397,4
398,36
399,42
400,20
401,13
402,4
403,7
404,0
405,19
406,13
407,4
408,5
409,27
410,38
411,40
412,16
413,53
414,35
415,67
416,21
417,39
418,10
419,25
420,45
421,33
422,29
423,19
424,33
425,40
426,45
427,7
428,15
429,51
430,23
431,46
432,37
433,50
434,4
435,0
436,9
437,31
438,54
439,8
440,61
441,23
442,36
443,16
444,19
445,5
446,39
447,31
448,43
449,15
450,51
451,7
452,25
453,31
454,56
455,38
456,14
457,33
458,33
459,29
460,0
461,5
462,32
463,3
464,40
465,20
466,7
467,50
468,47
469,53
470,30
471,11
472,3
473,15
474,50
475,26
476,19
477,39
478,37
479,29
480,16
481,0
482,17
483,7
484,31
485,0
486,32
487,20
488,12
489,1
490,8
491,1
492,7
493,56
494,45
495,0
496,23
497,11
498,39
499,2
500,62
501,15
502,26
503,63
504,41
505,20
506,62
507,44
508,43
509,16
510,55
511,59
512,34
513,47
514,52
515,66
516,14
517,11
518,60
519,0
520,0
521,2
522,8
523,14
524,11
525,4
526,32
527,52
528,54
529,37
530,44
531,30
532,26
533,44
534,13
535,36
536,64
537,0
538,54
539,19
540,2
541,32
542,11
543,12
544,57
545,12
546,13
547,42
548,40
549,27
550,61
551,32
552,3
553,32
554,49
555,10
556,5
557,25
558,49
559,34
560,0
561,32
562,10
563,0
564,37
565,15
566,19
567,55
568,66
569,0
570,11
571,44
572,2
573,3
574,58
575,36
576,5
577,47
578,34
579,14
580,0
581,44
582,17
583,44
584,4
585,24
586,55
587,28
588,34
589,1
590,63
591,19
592,26
593,7
594,54
595,32
596,15
597,51
598,32
599,3
600,17
601,27
602,0
603,6
604,0
605,0
606,3
607,26
608,35
609,22
610,48
611,40
612,23
613,39
614,8
615,0
616,5
617,25
618,34
619,42
620,26
621,25
622,41
623,66
624,17
625,11
626,47
627,9
628,54
629,2
630,5
631,48
632,15
633,26
634,0
635,40
636,7
637,44
638,10
639,51
640,1
641,12
642,63
643,13
644,27
645,2
646,54
647,12
648,3
649,5
650,25
651,43
652,46
653,48
654,38
655,19
656,12
657,5
658,56
659,41
660,2
661,63
662,50
663,63
664,23
665,45
666,9
667,4
668,30
669,12
670,51
671,6
672,38
673,17
674,51
675,9
676,25
677,38
678,18
679,62
680,11
681,40
682,39
683,8
684,0
685,8
686,42
687,44
688,32
689,40
690,50
691,68
692,17
693,10
694,9
695,15
696,18
697,25
698,37
699,65
700,34
701,12
702,46
703,25
704,11
705,56
706,28
707,2
708,58
709,0
710,12
711,6
712,17
713,53
714,42
715,22
716,23
717,1
718,40
719,58
720,7
721,56
722,46
723,40
724,41
725,48
726,30
727,28
728,27
729,38
730,26
731,21
732,25
733,51
734,12
735,42
736,26
737,15
738,9
739,51
740,52
741,49
742,18
743,25
744,1
745,0
746,18
747,27
748,5
749,34
750,42
751,44
752,18
753,56
754,24
755,42
756,21
757,20
758,25
759,15
760,50
761,22
762,21
763,15
764,38
765,23
766,19
767,66
768,24
769,39
770,51
771,20
772,48
773,4
774,42
775,26
776,41
777,39
778,34
779,62
780,26
781,56
782,30
783,50
784,42
785,22
786,26
787,36
788,68
789,38
790,28
791,15
792,30
793,6
794,57
795,1
796,51
797,57
798,9
799,22
800,13
801,65
802,1
803,21
804,11
805,32
806,46
807,41
808,40
809,9
810,7
811,14
812,37
813,22
814,10
815,34
816,33
817,58
818,5
819,63
820,41
821,2
822,5
823,2
824,13
825,22
826,26
827,6
828,11
829,30
830,48
831,38
832,18
833,48
834,32
835,23
836,25
837,1
838,44
839,47
840,18
841,19
842,38
843,37
844,27
845,36
846,42
847,23
848,9
849,26
850,44
851,44
852,12
853,8
854,20
855,64
856,42
857,58
858,48
859,40
860,4
861,45
862,27
863,20
864,46
865,24
866,6
867,4
868,6
869,50
870,3
871,19
872,36
873,40
874,50
875,11
876,5
877,5
878,7
879,57
880,18
881,49
882,15
883,44
884,63
885,53
886,0
887,40
888,47
889,43
890,14
891,5
892,61
893,5
894,10
895,43
896,32
897,0
898,22
899,6
900,29
901,43
902,67
903,57
904,3
905,10
906,23
907,14
908,0
909,47
910,25
911,19
912,23
913,6
914,14
915,27
916,10
917,33
918,36
919,11
920,18
921,17
922,31
923,27
924,5
925,53
926,11
927,48
928,5
929,14
930,17
931,20
932,47
933,15
934,29
935,57
936,6
937,39
938,15
939,4
940,40
941,19
942,52
943,42
944,19
945,8
946,32
947,18
948,27
949,0
950,11
951,13
952,44
953,9
954,33
955,55
956,13
957,27
958,0
959,16
960,11
961,2
962,30
963,23
964,32
965,52
966,3
967,6
968,31
969,56
970,27
971,54
972,39
973,21
974,31
975,15
976,18
977,27
978,0
979,56
980,29
981,2
982,62
983,18
984,34
985,29
986,21
987,14
988,7
989,29
990,23
991,10
992,23
993,26
994,20
995,61
996,33
997,41
998,12
999,6
1000,10
1001,51
1002,56
1003,49
1004,9
1005,12
1006,4
1007,42
1008,45
1009,68
1010,48
1011,47
1012,51
1013,15
1014,59
1015,47
1016,25
1017,28
1018,58
1019,64
1020,39
1021,50
1022,8
1023,47
1024,10
1025,64
1026,54
1027,27
1028,67
1029,37
1030,49
1031,10
1032,0
1033,12
1034,34
1035,10
1036,29
1037,43
1038,26
1039,10
1040,21
1041,38
1042,30
1043,63
1044,19
1045,32
1046,35
1047,6
1048,45
1049,7
1050,10
1051,3
1052,24
1053,0
1054,0
1055,0
1056,37
1057,16
1058,27
1059,46
1060,37
1061,60
1062,17
1063,8
1064,56
1065,2
1066,17
1067,7
1068,39
1069,48
1070,37
1071,51
1072,49
1073,5
1074,43
1075,43
1076,23
1077,21
1078,11
1079,59
1080,62
1081,20
1082,45
1083,17
1084,30
1085,11
1086,18
1087,17
1088,56
1089,13
1090,20
1091,48
1092,13
1093,32
1094,8
1095,18
1096,44
1097,30
1098,51
1099,64
1100,13
1101,23
1102,29
1103,24
1104,8
1105,22
1106,17
1107,55
1108,31
1109,27
1110,34
1111,35
1112,5
1113,2
1114,15
1115,9
1116,10
1117,67
1118,24
1119,53
1120,42
1121,14
1122,20
1123,32
1124,32
1125,47
1126,51
1127,6
1128,4
1129,17
1130,31
1131,26
1132,13
1133,29
1134,46
1135,40
1136,2
1137,0
1138,0
1139,9
1140,38
1141,6
1142,21
1143,52
1144,49
1145,62
1146,63
1147,0
1148,3
1149,35
1150,8
1151,44
1152,11
1153,43
1154,37
1155,39
1156,5
1157,29
1158,26
1159,4
1160,65
1161,38
1162,40
1163,27
1164,40
1165,2
1166,12
1167,2
1168,5
1169,6
1170,13
1171,22
1172,0
1173,56
1174,12
1175,36
1176,4
1177,6
1178,16
1179,30
1180,11
1181,36
1182,29
1183,16
1184,28
1185,16
1186,34
1187,48
1188,49
1189,8
1190,25
1191,53
1192,49
1193,29
1194,29
1195,48
1196,16
1197,32
1198,0
1199,11
1200,53
1201,39
1202,48
1203,32
1204,21
1205,60
1206,58
1207,20
1208,37
1209,50
1210,13
1211,37
1212,33
1213,4
1214,62
1215,14
1216,40
1217,54
1218,48
1219,25
1220,25
1221,42
1222,47
1223,53
1224,32
1225,53
1226,46
1227,54
1228,26
1229,35
1230,37
1231,61
1232,58
1233,19
1234,28
1235,3
1236,31
1237,10
1238,0
1239,38
1240,8
1241,64
1242,4
1243,51
1244,44
1245,41
1246,53
1247,9
1248,4
1249,44
1250,11
1251,5
1252,19
1253,28
1254,0
1255,14
1256,49
1257,7
1258,3
1259,1
1260,22
1261,28
1262,6
1263,18
1264,58
1265,21
1266,39
1267,63
1268,1
1269,2
1270,52
1271,27
1272,51
1273,42
1274,21
1275,23
1276,2
1277,13
1278,7
1279,19
1280,3
1281,6
1282,9
1283,0
1284,30
1285,41
1286,37
1287,42
1288,16
1289,20
1290,1
1291,0
1292,9
1293,27
1294,9
1295,39
1296,65
1297,44
1298,5
1299,8
1300,17
1301,35
1302,33
1303,39
1304,62
1305,41
1306,31
1307,11
1308,1
1309,31
1310,2
1311,55
1312,53
1313,5
1314,49
1315,2
1316,16
1317,54
1318,5
1319,53
1320,28
1321,29
1322,51
1323,1
1324,31
1325,1
1326,0
1327,23
1328,33
1329,30
1330,4
1331,30
1332,35
1333,6
1334,8
1335,59
1336,2
1337,45
1338,24
1339,20
1340,33
1341,2
1342,16
1343,40
1344,11
1345,3
1346,58
1347,62
1348,30
1349,10
1350,7
1351,14
1352,44
1353,46
1354,36
1355,20
1356,50
1357,54
1358,5
1359,37
1360,58
1361,26
1362,10
1363,8
1364,24
1365,64
1366,8
1367,64
1368,0
1369,0
1370,56
1371,27
1372,57
1373,40
1374,60
1375,3
1376,0
1377,43
1378,8
1379,34
1380,19
1381,33
1382,57
1383,45
1384,24
1385,28
1386,32
1387,1
1388,48
1389,34
1390,8
1391,17
1392,31
1393,51
1394,24
1395,52
1396,47
1397,36
1398,4
1399,8
1400,32
1401,57
1402,0
1403,62
1404,0
1405,0
1406,2
1407,13
1408,36
1409,5
1410,28
1411,21
1412,40
1413,6
1414,36
1415,23
1416,6
1417,31
1418,59
1419,0
1420,13
1421,9
1422,19
1423,19
1424,47
1425,60
1426,1
1427,7
1428,60
1429,51
1430,16
1431,1
1432,38
1433,30
1434,14
1435,43
1436,2
1437,56
1438,17
1439,20
1440,1
1441,60
1442,51
1443,4
1444,43
1445,62
1446,4
1447,0
1448,30
1449,13
1450,29
1451,19
1452,1
1453,48
1454,24
1455,25
1456,12
1457,54
1458,30
1459,13
1460,23
1461,58
1462,66
1463,31
1464,16
1465,29
1466,32
1467,1
1468,25
1469,4
1470,41
1471,48
1472,41
1473,61
1474,18
1475,18
1476,61
1477,37
1478,0
1479,20
1480,7
1481,0
1482,39
1483,30
1484,20
1485,18
1486,55
1487,18
1488,0
1489,2
1490,67
1491,14
1492,15
1493,24
1494,43
1495,60
1496,4
1497,37
1498,14
1499,30
1500,48
1501,63
1502,53
1503,15
1504,29
1505,28
1506,26
1507,61
1508,67
1509,8
1510,25
1511,10
1512,4
1513,14
1514,34
1515,1
1516,42
1517,36
1518,26
1519,38
1520,42
1521,22
1522,4
1523,15
1524,65
1525,57
1526,40
1527,45
1528,29
1529,22
1530,46
1531,49
1532,7
1533,29
1534,26
1535,22
1536,17
1537,18
1538,17
1539,46
1540,47
1541,47
1542,35
1543,27
1544,61
1545,51
1546,53
1547,15
1548,19
1549,42
1550,3
1551,30
1552,53
1553,7
1554,50
1555,40
1556,9
1557,25
1558,65
1559,5
1560,15
1561,44
1562,27
1563,40
1564,58
1565,49
1566,44
1567,40
1568,32
1569,53
1570,18
1571,63
1572,11
1573,50
1574,63
1575,0
1576,36
1577,4
1578,31
1579,0
1580,58
1581,0
1582,32
1583,15
1584,10
1585,39
1586,28
1587,10
1588,11
1589,33
1590,42
1591,2
1592,13
1593,42
1594,36
1595,19
1596,49
1597,20
1598,18
1599,12
1600,34
1601,25
1602,24
1603,41
1604,33
1605,48
1606,38
1607,51
1608,59
1609,22
1610,24
1611,14
1612,4
1613,58
1614,33
1615,20
1616,54
1617,31
1618,35
1619,25
1620,40
1621,43
1622,33
1623,1
1624,18
1625,37
1626,11
1627,51
1628,46
1629,63
1630,18
1631,35
1632,13
1633,26
1634,20
1635,40
1636,0
1637,0
1638,54
1639,17
1640,45
1641,19
1642,26
1643,9
1644,6
1645,12
1646,62
1647,62
1648,41
1649,46
1650,46
1651,39
1652,27
1653,5
1654,54
1655,34
1656,12
1657,21
1658,14
1659,2
1660,20
1661,6
1662,4
1663,12
1664,35
1665,21
1666,32
1667,23
1668,19
1669,35
1670,4
1671,20
1672,12
1673,20
1674,24
1675,57
1676,53
1677,27
1678,45
1679,52
1680,57
1681,38
1682,51
1683,66
1684,35
1685,40
1686,22
1687,48
1688,49
1689,26
1690,19
1691,5
1692,39
1693,32
1694,17
1695,26
1696,17
1697,63
1698,12
1699,0
1700,22
1701,34
1702,27
1703,30
1704,14
1705,51
1706,23
1707,24
1708,36
1709,27
1710,24
1711,10
1712,58
1713,0
1714,26
1715,47
1716,18
1717,14
1718,13
1719,35
1720,16
1721,23
1722,3
1723,26
1724,58
1725,55
1726,20
1727,32
1728,47
1729,21
1730,16
1731,7
1732,0
1733,1
1734,51
1735,60
1736,53
1737,30
1738,2
1739,47
1740,27
1741,5
1742,8
1743,27
1744,60
1745,59
1746,51
1747,10
1748,23
1749,8
1750,51
1751,4
1752,40
1753,23
1754,6
1755,20
1756,46
1757,8
1758,19
1759,50
1760,34
1761,13
1762,9
1763,24
1764,43
1765,62
1766,47
1767,22
1768,6
1769,4
1770,26
1771,28
1772,41
1773,46
1774,19
1775,47
1776,31
1777,29
1778,29
1779,12
1780,31
1781,30
1782,14
1783,12
1784,0
1785,45
1786,38
1787,8
1788,26
1789,55
1790,28
1791,54
1792,2
1793,29
1794,42
1795,23
1796,45
1797,27
1798,36
1799,45
1800,7
1801,21
1802,53
1803,3
1804,11
1805,9
1806,20
1807,51
1808,6
1809,51
1810,18
1811,27
1812,26
1813,16
1814,29
1815,25
1816,5
1817,0
1818,4
1819,2
1820,62
1821,58
1822,6
1823,25
1824,56
1825,30
1826,41
1827,48
1828,63
1829,17
1830,31
1831,37
1832,15
1833,26
1834,46
1835,33
1836,15
1837,55
1838,20
1839,2
1840,2
1841,18
1842,52
1843,59
1844,64
1845,54
1846,8
1847,54
1848,34
1849,14
1850,39
1851,34
1852,8
1853,62
1854,37
1855,8
1856,3
1857,50
1858,42
1859,63
1860,13
1861,9
1862,21
1863,63
1864,14
1865,41
1866,3
1867,0
1868,57
1869,7
1870,58
1871,22
1872,4
1873,14
1874,24
1875,6
1876,27
1877,38
1878,0
1879,28
1880,55
1881,34
1882,4
1883,11
1884,41
1885,51
1886,21
1887,34
1888,43
1889,57
1890,19
1891,8
1892,12
1893,17
1894,65
1895,17
1896,23
1897,14
1898,17
1899,26
1900,29
1901,24
1902,31
1903,1
1904,56
1905,35
1906,46
1907,6
1908,30
1909,62
1910,24
1911,34
1912,49
1913,42
1914,48
1915,6
1916,51
1917,34
1918,19
1919,38
1920,41
1921,31
1922,16
1923,31
1924,34
1925,15
1926,8
1927,30
1928,55
1929,1
1930,17
1931,3
1932,9
1933,7
1934,5
1935,0
1936,11
1937,46
1938,43
1939,27
1940,10
1941,15
1942,5
1943,27
1944,28
1945,16
1946,41
1947,0
1948,63
1949,63
1950,0
1951,23
1952,33
1953,37
1954,5
1955,46
1956,35
1957,12
1958,54
1959,12
1960,63
1961,18
1962,3
1963,7
1964,54
1965,58
1966,42
1967,21
1968,2
1969,10
1970,32
1971,59
1972,5
1973,62
1974,66
1975,3
1976,27
1977,56
1978,38
1979,41
1980,52
1981,11
1982,46
1983,1
1984,29
1985,55
1986,23
1987,61
1988,16
1989,25
1990,29
1991,1
1992,46
1993,62
1994,15
1995,43
1996,9
1997,33
1998,39
1999,5
2000,63
2001,11
2002,3
2003,1
2004,9
2005,0
2006,6
2007,40
2008,60
2009,11
2010,30
2011,7
2012,44
2013,37
2014,33
2015,45
2016,36
2017,47
2018,36
2019,43
2020,65
2021,18
2022,52
2023,24
2024,10
2025,11
2026,52
2027,19
2028,53
2029,20
2030,13
2031,29
2032,64
2033,47
2034,9
2035,35
2036,6
2037,20
2038,17
2039,19
2040,61
2041,52
2042,46
2043,5
2044,43
2045,48
2046,7
2047,39
2048,25
2049,10
2050,14
2051,47
2052,59
2053,49
2054,39
2055,15
2056,16
2057,27
2058,27
2059,21
2060,40
2061,42
2062,5
2063,19
2064,12
2065,1
2066,8
2067,15
2068,9
2069,4
2070,12
2071,27
2072,10
2073,26
2074,59
2075,49
2076,0
2077,36
2078,20
2079,17
2080,14
2081,41
2082,18
2083,49
2084,9
2085,52
2086,53
2087,2
2088,60
2089,33
2090,27
2091,46
2092,11
2093,9
2094,52
2095,8
2096,2
2097,5
2098,6
2099,10
2100,42
2101,38
2102,59
2103,66
2104,22
2105,51
2106,54
2107,8
2108,51
2109,8
2110,7
2111,13
2112,49
2113,28
2114,32
2115,5
2116,31
2117,8
2118,39
2119,23
2120,47
2121,66
2122,19
2123,33
2124,16
2125,33
2126,45
2127,6
2128,29
2129,2
2130,3
2131,34
2132,63
2133,6
2134,36
2135,38
2136,17
2137,17
2138,27
2139,44
2140,55
2141,26
2142,22
2143,1
2144,14
2145,27
2146,13
2147,21
2148,27
2149,51
2150,15
2151,23
2152,55
2153,14
2154,47
2155,24
2156,11
2157,21
2158,39
2159,7
2160,9
2161,35
2162,41
2163,34
2164,1
2165,48
2166,48
2167,31
2168,13
2169,25
2170,38
2171,0
2172,52
2173,64
2174,59
2175,24
2176,50
2177,45
2178,6
2179,21
2180,20
2181,5
2182,27
2183,23
2184,5
2185,55
2186,35
2187,26
2188,6
2189,43
2190,15
2191,27
2192,50
2193,40
2194,5
2195,26
2196,33
2197,16
2198,4
2199,6
2200,44
2201,21
2202,17
2203,48
2204,32
2205,36
2206,53
2207,50
2208,2
2209,10
2210,47
2211,29
2212,53
2213,1
2214,22
2215,30
2216,29
2217,25
2218,23
2219,5
2220,13
2221,16
2222,28
2223,32
2224,47
2225,1
2226,56
2227,46
2228,28
2229,21
2230,64
2231,10
2232,61
2233,5
2234,57
2235,0
2236,10
2237,11
2238,34
2239,56
2240,16
2241,34
2242,23
2243,21
2244,64
2245,20
2246,0
2247,18
2248,52
2249,13
2250,21
2251,39
2252,62
2253,49
2254,36
2255,7
2256,29
2257,22
2258,66
2259,14
2260,39
2261,11
2262,54
2263,24
2264,54
2265,15
2266,64
2267,52
2268,36
2269,29
2270,53
2271,15
2272,50
2273,4
2274,35
2275,59
2276,43
2277,19
2278,48
2279,61
2280,37
2281,43
2282,28
2283,52
2284,32
2285,3
2286,4
2287,33
2288,59
2289,16
2290,16
2291,31
2292,36
2293,21
2294,33
2295,41
2296,47
2297,10
2298,28
2299,41
2300,61
2301,66
2302,53
2303,16
2304,35
2305,9
2306,21
2307,37
2308,15
2309,61
2310,39
2311,30
2312,50
2313,53
2314,22
2315,64
2316,5
2317,44
2318,47
2319,21
2320,43
2321,3
2322,3
2323,12
2324,67
2325,6
2326,50
2327,30
2328,59
2329,5
2330,28
2331,46
2332,28
2333,4
2334,14
2335,53
2336,55
2337,0
2338,20
2339,60
2340,7
2341,29
2342,15
2343,5
2344,24
2345,14
2346,16
2347,14
2348,43
2349,36
2350,43
2351,8
2352,41
2353,58
2354,28
2355,28
2356,31
2357,15
2358,44
2359,27
2360,24
2361,17
2362,15
2363,41
2364,50
2365,44
2366,59
2367,24
2368,40
2369,10
2370,4
2371,4
2372,15
2373,22
2374,33
2375,31
2376,9
2377,46
2378,21
2379,54
2380,57
2381,57
2382,3
2383,10
2384,64
2385,66
2386,18
2387,8
2388,38
2389,41
2390,54
2391,2
2392,48
2393,52
2394,0
2395,52
2396,7
2397,4
2398,28
2399,2
2400,39
2401,10
2402,26
2403,45
2404,34
2405,34
2406,7
2407,13
2408,66
2409,64
2410,66
2411,66
2412,6
2413,35
2414,41
2415,14
2416,24
2417,49
2418,53
2419,44
2420,1
2421,54
2422,9
2423,5
2424,10
2425,8
2426,24
2427,1
2428,39
2429,46
2430,41
2431,39
2432,41
2433,34
2434,5
2435,35
2436,27
2437,54
2438,29
2439,29
2440,26
2441,45
2442,7
2443,28
2444,19
2445,27
2446,6
2447,57
2448,23
2449,10
2450,22
2451,29
2452,29
2453,35
2454,47
2455,20
2456,47
2457,7
2458,4
2459,3
2460,64
2461,45
2462,9
2463,63
2464,36
2465,48
2466,49
2467,27
2468,0
2469,0
2470,51
2471,4
2472,62
2473,5
2474,27
2475,2
2476,35
2477,18
2478,10
2479,31
2480,25
2481,8
2482,2
2483,26
2484,66
2485,4
2486,24
2487,39
2488,32
2489,14
2490,32
2491,18
2492,14
2493,25
2494,64
2495,66
2496,65
2497,33
2498,43
2499,58
2500,41
2501,57
2502,38
2503,66
2504,13
2505,50
2506,1
2507,15
2508,29
2509,30
2510,45
2511,4
2512,47
2513,36
2514,18
2515,9
2516,28
2517,22
2518,29
2519,55
2520,31
2521,27
2522,36
2523,0
2524,20
2525,15
2526,44
2527,27
2528,27
2529,65
2530,14
2531,63
2532,44
2533,57
2534,67
2535,48
2536,14
2537,39
2538,17
2539,20
2540,2
2541,20
2542,30
2543,53
2544,36
2545,21
2546,5
2547,11
2548,22
2549,14
2550,63
2551,6
2552,0
2553,20
2554,34
2555,24
2556,34
2557,26
2558,9
2559,5
2560,10
2561,8
2562,59
2563,3
2564,61
2565,7
2566,20
2567,18
2568,4
2569,68
2570,6
2571,28
2572,41
2573,59
2574,37
2575,31
2576,1
2577,5
2578,4
2579,3
2580,39
2581,13
2582,16
2583,60
2584,44
2585,3
2586,19
2587,45
2588,13
2589,51
2590,44
2591,15
2592,39
2593,52
2594,2
2595,29
2596,24
2597,47
2598,65
2599,8
2600,29
2601,38
2602,67
2603,4
2604,2
2605,1
2606,13
2607,3
2608,15
2609,50
2610,31
2611,2
2612,55
2613,22
2614,45
2615,1
2616,40
2617,62
2618,38
2619,16
2620,12
2621,0
2622,7
2623,21
2624,10
2625,2
2626,57
2627,11
2628,12
2629,10
2630,8
2631,5
2632,19
2633,15
2634,22
2635,5
2636,36
2637,48
2638,5
2639,28
2640,51
2641,14
2642,38
2643,31
2644,53
2645,7
2646,20
2647,23
2648,29
2649,35
2650,18
2651,13
2652,11
2653,54
2654,0
2655,5
2656,56
2657,34
2658,65
2659,59
2660,38
2661,5
2662,59
2663,51
2664,39
2665,10
2666,43
2667,40
2668,0
2669,50
2670,23
2671,36
2672,52
2673,15
2674,63
2675,0
2676,12
2677,39
2678,21
2679,23
2680,3
2681,21
2682,16
2683,40
2684,23
2685,55
2686,31
2687,18
2688,10
2689,57
2690,19
2691,24
2692,11
2693,0
2694,39
2695,50
2696,17
2697,3
2698,0
2699,0
2700,11
2701,46
2702,41
2703,31
2704,11
2705,22
2706,12
2707,8
2708,9
2709,23
2710,55
2711,17
2712,16
2713,28
2714,43
2715,4
2716,18
2717,59
2718,29
2719,48
2720,16
2721,26
2722,9
2723,3
2724,6
2725,7
2726,61
2727,31
2728,29
2729,16
2730,24
2731,59
2732,0
2733,55
2734,16
2735,47
2736,8
2737,55
2738,51
2739,65
2740,49
2741,16
2742,1
2743,42
2744,51
2745,19
2746,57
2747,45
2748,10
2749,41
2750,6
2751,46
2752,2
2753,5
2754,51
2755,7
2756,59
2757,12
2758,42
2759,20
2760,28
2761,34
2762,22
2763,42
2764,2
2765,12
2766,42
2767,68
2768,66
2769,1
2770,13
2771,26
2772,28
2773,8
2774,26
2775,41
2776,32
2777,8
2778,46
2779,12
2780,64
2781,53
2782,52
2783,35
2784,35
2785,0
2786,45
2787,19
2788,39
2789,1
2790,7
2791,51
2792,26
2793,39
2794,17
2795,7
2796,36
2797,31
2798,21
2799,43
2800,6
2801,37
2802,5
2803,37
2804,9
2805,56
2806,47
2807,57
2808,24
2809,40
2810,22
2811,10
2812,17
2813,37
2814,48
2815,10
2816,57
2817,3
2818,45
2819,29
2820,9
2821,47
2822,37
2823,0
2824,44
2825,5
2826,37
2827,26
2828,30
2829,2
2830,68
2831,25
2832,31
2833,44
2834,60
2835,4
2836,6
2837,0
2838,35
2839,44
2840,44
2841,27
2842,58
2843,48
2844,22
2845,4
2846,12
2847,5
2848,2
2849,39
2850,4
2851,20
2852,44
2853,51
2854,54
2855,34
2856,48
2857,39
2858,64
2859,26
2860,26
2861,15
2862,35
2863,36
2864,23
2865,15
2866,45
2867,7
2868,55
2869,8
2870,5
2871,21
2872,40
2873,11
2874,65
2875,52
2876,23
2877,28
2878,30
2879,30
2880,33
2881,47
2882,34
2883,29
2884,66
2885,41
2886,60
2887,13
2888,51
2889,29
2890,41
2891,15
2892,24
2893,21
2894,66
2895,53
2896,59
2897,66
2898,5
2899,54
2900,30
2901,12
2902,36
2903,17
2904,25
2905,37
2906,51
2907,60
2908,56
2909,0
2910,38
2911,66
2912,29
2913,43
2914,41
2915,57
2916,18
2917,29
2918,58
2919,23
2920,16
2921,40
2922,0
2923,26
2924,27
2925,36
2926,33
2927,10
2928,35
2929,42
2930,34
2931,31
2932,65
2933,50
2934,18
2935,35
2936,59
2937,33
2938,29
2939,33
2940,33
2941,49
2942,39
2943,38
2944,40
2945,58
2946,39
2947,48
2948,43
2949,11
2950,28
2951,12
2952,51
2953,32
2954,40
2955,24
2956,36
2957,16
2958,57
2959,12
2960,36
2961,61
2962,5
2963,28
2964,27
2965,15
2966,65
2967,52
2968,16
2969,27
2970,7
2971,2
2972,29
2973,38
2974,9
2975,23
2976,43
2977,26
2978,0
2979,19
2980,41
2981,55
2982,6
2983,22
2984,19
2985,44
2986,6
2987,6
2988,38
2989,33
2990,14
2991,43
2992,64
2993,39
2994,58
2995,2
2996,51
2997,33
2998,30
2999,50
3000,13
3001,22
3002,33
3003,14
3004,22
3005,21
3006,37
3007,21
3008,1
3009,22
3010,11
3011,30
3012,4
3013,30
3014,50
3015,47
3016,36
3017,8
3018,20
3019,20
3020,47
3021,58
3022,31
3023,54
3024,6
3025,18
3026,44
3027,37
3028,36
3029,15
3030,1
3031,29
3032,0
3033,13
3034,15
3035,10
3036,21
3037,8
3038,2
3039,4
3040,3
3041,32
3042,68
3043,56
3044,24
3045,28
3046,46
3047,12
3048,12
3049,38
3050,6
3051,24
3052,29
3053,58
3054,62
3055,58
3056,0
3057,46
3058,7
3059,16
3060,45
3061,22
3062,47
3063,49
3064,19
3065,0
3066,6
3067,16
3068,62
3069,9
3070,29
3071,4
3072,30
3073,20
3074,42
3075,65
3076,4
3077,58
3078,24
3079,35
3080,20
3081,45
3082,61
3083,26
3084,28
3085,44
3086,13
3087,39
3088,29
3089,43
3090,4
3091,39
3092,52
3093,22
3094,1
3095,19
3096,0
3097,40
3098,39
3099,35
3100,31
3101,54
3102,17
3103,46
3104,7
3105,17
3106,34
3107,40
3108,27
3109,29
3110,11
3111,4
3112,38
3113,66
3114,42
3115,15
3116,27
3117,53
3118,2
3119,65
3120,54
3121,32
3122,13
3123,23
3124,3
3125,0
3126,39
3127,8
3128,5
3129,38
3130,44
3131,13
3132,0
3133,17
3134,18
3135,43
3136,31
3137,32
3138,34
3139,35
3140,3
3141,4
3142,2
3143,27
3144,23
3145,9
3146,13
3147,27
3148,40
3149,3
3150,28
3151,45
3152,61
3153,19
3154,55
3155,64
3156,38
3157,9
3158,2
3159,24
3160,16
3161,54
3162,59
3163,3
3164,58
3165,7
3166,46
3167,38
3168,55
3169,1
3170,47
3171,26
3172,10
3173,4
3174,52
3175,25
3176,42
3177,50
3178,33
3179,2
3180,32
3181,38
3182,13
3183,7
3184,27
3185,28
3186,2
3187,35
3188,0
3189,11
3190,56
3191,3
3192,50
3193,57
3194,3
3195,60
3196,30
3197,31
3198,12
3199,18
3200,9
3201,45
3202,31
3203,28
3204,42
3205,55
3206,6
3207,1
3208,54
3209,3
3210,20
3211,34
3212,12
3213,37
3214,35
3215,28
3216,45
3217,12
3218,28
3219,44
3220,23
3221,8
3222,19
3223,0
3224,13
3225,55
3226,20
3227,7
3228,37
3229,50
3230,39
3231,10
3232,7
3233,23
3234,29
3235,53
3236,57
3237,4
3238,8
3239,46
3240,47
3241,8
3242,12
3243,17
3244,1
3245,11
3246,37
3247,50
3248,64
3249,2
3250,34
3251,32
3252,62
3253,56
3254,58
3255,32
3256,39
3257,2
3258,54
3259,17
3260,59
3261,2
3262,41
3263,14
3264,53
3265,25
3266,46
3267,29
3268,1
3269,11
3270,1
3271,1
3272,32
3273,17
3274,14
3275,17
3276,5
3277,19
3278,33
3279,10
3280,32
3281,5
3282,28
3283,1
3284,6
3285,40
3286,28
3287,0
3288,46
3289,60
3290,2
3291,54
3292,19
3293,13
3294,29
3295,32
3296,32
3297,19
3298,66
3299,23
3300,48
3301,41
3302,51
3303,24
3304,4
3305,4
3306,50
3307,33
3308,45
3309,47
3310,40
3311,49
3312,38
3313,0
3314,21
3315,43
3316,1
3317,18
3318,56
3319,29
3320,34
3321,31
3322,64
3323,43
3324,15
3325,34
3326,4
3327,40
3328,44
3329,8
3330,49
3331,61
3332,52
3333,19
3334,27
3335,56
3336,12
3337,16
3338,5
3339,43
3340,3
3341,49
3342,1
3343,1
3344,61
3345,33
3346,0
3347,6
3348,33
3349,54
3350,44
3351,45
3352,41
3353,10
3354,38
3355,9
3356,22
3357,12
3358,51
3359,31
3360,18
3361,8
3362,55
3363,59
3364,33
3365,36
3366,61
3367,12
3368,6
3369,54
3370,5
3371,66
3372,35
3373,3
3374,60
3375,49
3376,13
3377,4
3378,21
3379,7
3380,15
3381,53
3382,19
3383,17
3384,9
3385,38
3386,15
3387,30
3388,27
3389,23
3390,40
3391,1
3392,54
3393,7
3394,6
3395,60
3396,5
3397,7
3398,42
3399,38
3400,42
3401,33
3402,50
3403,22
3404,19
3405,31
3406,5
3407,20
3408,34
3409,35
3410,58
3411,54
3412,59
3413,12
3414,10
3415,0
3416,40
3417,60
3418,14
3419,13
3420,36
3421,14
3422,34
3423,27
3424,18
3425,14
3426,34
3427,37
3428,55
3429,20
3430,0
3431,10
3432,46
3433,10
3434,31
3435,11
3436,46
3437,11
3438,37
3439,26
3440,19
3441,40
3442,20
3443,8
3444,25
3445,19
3446,6
3447,25
3448,2
3449,49
3450,15
3451,6
3452,57
3453,14
3454,0
3455,11
3456,27
3457,23
3458,21
3459,0
3460,12
3461,14
3462,25
3463,10
3464,13
3465,11
3466,34
3467,49
3468,53
3469,6
3470,8
3471,6
3472,21
3473,44
3474,39
3475,26
3476,24
3477,55
3478,19
3479,50
3480,28
3481,39
3482,13
3483,67
3484,22
3485,41
3486,47
3487,47
3488,8
3489,57
3490,9
3491,17
3492,40
3493,24
3494,7
3495,12
3496,38
3497,27
3498,0
3499,52
3500,39
3501,8
3502,1
3503,33
3504,36
3505,3
3506,25
3507,55
3508,49
3509,53
3510,2
3511,34
3512,6
3513,33
3514,20
3515,0
3516,0
3517,28
3518,49
3519,54
3520,53
3521,56
3522,8
3523,46
3524,7
3525,42
3526,29
3527,25
3528,23
3529,1
3530,6
3531,17
3532,37
3533,3
3534,26
3535,13
3536,47
3537,52
3538,56
3539,14
3540,5
3541,55
3542,1
3543,10
3544,13
3545,5
3546,15
3547,39
3548,64
3549,37
3550,22
3551,62
3552,0
3553,0
3554,20
3555,55
3556,21
3557,7
3558,37
3559,36
3560,6
3561,45
3562,54
3563,15
3564,48
3565,57
3566,0
3567,57
3568,26
3569,32
3570,25
3571,52
3572,12
3573,50
3574,0
3575,37
3576,48
3577,32
3578,2
3579,37
3580,32
3581,9
3582,47
3583,25
3584,37
3585,41
3586,48
3587,16
3588,47
3589,4
3590,2
3591,13
3592,48
3593,39
3594,37
3595,55
3596,35
3597,40
3598,54
3599,16
3600,37
3601,8
3602,23
3603,5
3604,5
3605,3
3606,11
3607,20
3608,40
3609,20
3610,30
3611,35
3612,10
3613,47
3614,4
3615,35
3616,26
3617,10
3618,19
3619,17
3620,33
3621,19
3622,18
3623,40
3624,3
3625,24
3626,18
3627,2
3628,29
3629,49
3630,27
3631,27
3632,8
3633,27
3634,13
3635,23
3636,16
3637,26
3638,46
3639,19
3640,0
3641,60
3642,2
3643,32
3644,33
3645,12
3646,0
3647,36
3648,38
3649,2
3650,19
3651,31
3652,13
3653,21
3654,0
3655,4
3656,43
3657,18
3658,15
3659,3
3660,2
3661,61
3662,26
3663,53
3664,19
3665,46
3666,36
3667,31
3668,3
3669,5
3670,38
3671,0
3672,11
3673,19
3674,18
3675,52
3676,32
3677,35
3678,10
3679,17
3680,20
3681,27
3682,53
3683,47
3684,48
3685,41
3686,45
3687,19
3688,63
3689,55
3690,6
3691,54
3692,5
3693,13
3694,47
3695,8
3696,20
3697,63
3698,7
3699,23
3700,2
3701,30
3702,29
3703,26
3704,29
3705,49
3706,28
3707,4
3708,35
3709,21
3710,0
3711,0
3712,4
3713,6
3714,22
3715,23
3716,26
3717,43
3718,18
3719,38
3720,0
3721,28
3722,57
3723,12
3724,58
3725,41
3726,14
3727,46
3728,48
3729,28
3730,49
3731,4
3732,35
3733,29
3734,52
3735,47
3736,27
3737,5
3738,14
3739,31
3740,44
3741,21
3742,28
3743,35
3744,10
3745,0
3746,17
3747,3
3748,40
3749,6
3750,9
3751,11
3752,37
3753,51
3754,19
3755,60
3756,24
3757,28
3758,10
3759,60
3760,6
3761,9
3762,0
3763,42
3764,4
3765,14
3766,5
3767,2
3768,34
3769,30
3770,10
3771,48
3772,64
3773,7
3774,35
3775,4
3776,1
3777,13
3778,17
3779,2
3780,33
3781,9
3782,14
3783,48
3784,8
3785,48
3786,62
3787,37
3788,65
3789,55
3790,24
3791,4
3792,52
3793,26
3794,12
3795,9
3796,51
3797,53
3798,8
3799,33
3800,23
3801,50
3802,29
3803,61
3804,20
3805,14
3806,36
3807,4
3808,52
3809,31
3810,28
3811,27
3812,20
3813,3
3814,0
3815,59
3816,58
3817,56
3818,1
3819,13
3820,18
3821,16
3822,29
3823,33
3824,10
3825,0
3826,1
3827,2
3828,24
3829,26
3830,66
3831,24
3832,41
3833,1
3834,16
3835,19
3836,29
3837,24
3838,49
3839,10
3840,13
3841,60
3842,20
3843,11
3844,31
3845,35
3846,59
3847,54
3848,36
3849,38
3850,12
3851,28
3852,56
3853,16
3854,8
3855,29
3856,61
3857,15
3858,44
3859,19
3860,32
3861,37
3862,48
3863,21
3864,47
3865,42
3866,32
3867,32
3868,46
3869,8
3870,39
3871,13
3872,35
3873,9
3874,5
3875,47
3876,11
3877,44
3878,1
3879,61
3880,55
3881,45
3882,58
3883,2
3884,22
3885,4
3886,21
3887,0
3888,39
3889,62
3890,17
3891,40
3892,16
3893,12
3894,6
3895,39
3896,21
3897,58
3898,66
3899,40
3900,22
3901,38
3902,43
3903,2
3904,36
3905,50
3906,5
3907,46
3908,15
3909,33
3910,27
3911,15
3912,26
3913,49
3914,21
3915,5
3916,4
3917,33
3918,34
3919,59
3920,43
3921,41
3922,1
3923,33
3924,38
3925,21
3926,52
3927,15
3928,47
3929,21
3930,35
3931,36
3932,19
3933,35
3934,61
3935,13
3936,12
3937,5
3938,13
3939,20
3940,27
3941,0
3942,33
3943,9
3944,34
3945,20
3946,33
3947,4
3948,7
3949,18
3950,50
3951,16
3952,49
3953,26
3954,20
3955,8
3956,44
3957,35
3958,7
3959,8
3960,24
3961,22
3962,59
3963,2
3964,28
3965,46
3966,43
3967,1
3968,59
3969,60
3970,45
3971,4
3972,22
3973,21
3974,3
3975,12
3976,15
3977,4
3978,39
3979,53
3980,28
3981,21
3982,62
3983,58
3984,8
3985,17
3986,2
3987,3
3988,23
3989,37
3990,55
3991,22
3992,14
3993,56
3994,17
3995,23
3996,2
3997,38
3998,25
3999,29
4000,39
4001,40
4002,31
4003,53
4004,49
4005,43
4006,0
4007,16
4008,56
4009,61
4010,34
4011,33
4012,21
4013,55
4014,51
4015,50
4016,0
4017,50
4018,19
4019,10
4020,37
4021,55
4022,20
4023,51
4024,2
4025,67
4026,65
4027,51
4028,51
4029,58
4030,33
4031,64
4032,0
4033,9
4034,22
4035,44
4036,16
4037,16
4038,22
4039,30
4040,57
4041,47
4042,4
4043,34
4044,62
4045,9
4046,29
4047,47
4048,8
4049,24
4050,17
4051,49
4052,1
4053,4
4054,16
4055,21
4056,5
4057,13
4058,50
4059,15
4060,26
4061,23
4062,37
4063,26
4064,49
4065,0
4066,22
4067,22
4068,53
4069,50
4070,10
4071,17
4072,9
4073,11
4074,48
4075,30
4076,8
4077,40
4078,19
4079,3
4080,18
4081,13
4082,2
4083,23
4084,0
4085,4
4086,65
4087,20
4088,62
4089,12
4090,24
4091,41
4092,30
4093,20
4094,12
4095,48
4096,43
4097,18
4098,9
4099,43
4100,3
4101,14
4102,39
4103,6
4104,13
4105,25
4106,33
4107,55
4108,26
4109,30
4110,64
4111,66
4112,39
4113,10
4114,30
4115,26
4116,21
4117,43
4118,39
4119,53
4120,14
4121,52
4122,9
4123,47
4124,49
4125,34
4126,53
4127,42
4128,48
4129,48
4130,13
4131,56
4132,68
4133,52
4134,22
4135,64
4136,25
4137,5
4138,24
4139,10
4140,33
4141,16
4142,31
4143,2
4144,18
4145,2
4146,13
4147,8
4148,53
4149,7
4150,35
4151,26
4152,27
4153,47
4154,37
4155,10
4156,46
4157,51
4158,17
4159,37
4160,27
4161,35
4162,11
4163,13
4164,63
4165,26
4166,46
4167,62
4168,14
4169,29
4170,17
4171,5
4172,33
4173,13
4174,9
4175,41
4176,51
4177,11
4178,41
4179,58
4180,13
4181,3
4182,20
4183,30
4184,42
4185,25
4186,33
4187,8
4188,11
4189,52
4190,53
4191,43
4192,0
4193,21
4194,0
4195,14
4196,30
4197,13
4198,50
4199,41
4200,49
4201,11
4202,28
4203,18
4204,30
4205,17
4206,61
4207,25
4208,24
4209,22
4210,15
4211,10
4212,6
4213,0
4214,20
4215,9
4216,58
4217,32
4218,47
4219,7
4220,30
4221,8
4222,43
4223,46
4224,12
4225,22
4226,37
4227,2
4228,11
4229,63
4230,22
4231,67
4232,37
4233,0
4234,4
4235,32
4236,14
4237,24
4238,45
4239,45
4240,11
4241,36
4242,31
4243,0
4244,12
4245,16
4246,66
4247,7
4248,28
4249,8
4250,3
4251,11
4252,10
4253,48
4254,5
4255,15
4256,17
4257,4
4258,28
4259,16
4260,48
4261,19
4262,33
4263,33
4264,7
4265,23
4266,4
4267,64
4268,21
4269,61
4270,10
4271,11
4272,37
4273,20
4274,20
4275,55
4276,44
4277,3
4278,1
4279,26
4280,2
4281,14
4282,62
4283,59
4284,55
4285,66
4286,4
4287,14
4288,48
4289,27
4290,45
4291,0
4292,15
4293,46
4294,6
4295,8
4296,53
4297,47
4298,36
4299,47
4300,63
4301,20
4302,22
4303,0
4304,17
4305,25
4306,39
4307,38
4308,39
4309,4
4310,25
4311,11
4312,17
4313,24
4314,32
4315,14
4316,6
4317,54
4318,31
4319,2
4320,9
4321,11
4322,12
4323,19
4324,39
4325,23
4326,34
4327,62
4328,54
4329,53
4330,35
4331,31
4332,53
4333,44
4334,62
4335,45
4336,35
4337,8
4338,67
4339,67
4340,13
4341,2
4342,57
4343,35
4344,48
4345,49
4346,66
4347,31
4348,43
4349,31
4350,22
4351,59
4352,47
4353,48
4354,17
4355,55
4356,65
4357,15
4358,0
4359,52
4360,5
4361,5
4362,20
4363,9
4364,30
4365,8
4366,47
4367,4
4368,19
4369,9
4370,12
4371,35
4372,23
4373,33
4374,67
4375,41
4376,37
4377,59
4378,36
4379,9
4380,50
4381,1
4382,61
4383,19
4384,36
4385,7
4386,15
4387,3
4388,14
4389,10
4390,33
4391,44
4392,7
4393,63
4394,46
4395,23
4396,18
4397,21
4398,48
4399,6
4400,48
4401,3
4402,52
4403,0
4404,22
4405,67
4406,53
4407,0
4408,14
4409,19
4410,31
4411,14
4412,2
4413,38
4414,9
4415,31
4416,14
4417,47
4418,58
4419,7
4420,10
4421,10
4422,16
4423,16
4424,66
4425,41
4426,6
4427,60
4428,12
4429,33
4430,47
4431,29
4432,44
4433,65
4434,11
4435,37
4436,29
4437,25
4438,62
4439,10
4440,0
4441,6
4442,8
4443,29
4444,34
4445,30
4446,2
4447,47
4448,54
4449,56
4450,60
4451,10
4452,10
4453,11
4454,52
4455,44
4456,28
4457,47
4458,0
4459,44
4460,0
4461,60
4462,25
4463,47
4464,13
4465,8
4466,1
4467,35
4468,52
4469,9
4470,45
4471,8
4472,2
4473,56
4474,60
4475,26
4476,53
4477,16
4478,54
4479,21
4480,57
4481,52
4482,13
4483,7
4484,57
4485,23
4486,4
4487,67
4488,25
4489,7
4490,0
4491,65
4492,60
4493,23
4494,0
4495,22
4496,57
4497,25
4498,12
4499,42
4500,45
4501,13
4502,7
4503,8
4504,26
4505,10
4506,34
4507,4
4508,17
4509,8
4510,30
4511,27
4512,50
4513,32
4514,55
4515,5
4516,36
4517,11
4518,1
4519,21
4520,59
4521,41
4522,2
4523,22
4524,19
4525,39
4526,13
4527,45
4528,16
4529,24
4530,50
4531,24
4532,63
4533,35
4534,3
4535,53
4536,59
4537,66
4538,47
4539,21
4540,29
4541,24
4542,36
4543,34
4544,40
4545,9
4546,54
4547,42
4548,12
4549,50
4550,16
4551,28
4552,44
4553,35
4554,31
4555,31
4556,31
4557,9
4558,39
4559,11
4560,11
4561,25
4562,17
4563,9
4564,40
4565,45
4566,9
4567,60
4568,29
4569,5
4570,2
4571,17
4572,28
4573,16
4574,12
4575,46
4576,15
4577,39
4578,2
4579,12
4580,3
4581,13
4582,38
4583,65
4584,41
4585,23
4586,49
4587,64
4588,18
4589,1
4590,12
4591,7
4592,41
4593,21
4594,16
4595,18
4596,0
4597,64
4598,66
4599,17
4600,5
4601,13
4602,21
4603,21
4604,23
4605,34
4606,25
4607,24
4608,29
4609,6
4610,43
4611,11
4612,42
4613,29
4614,52
4615,41
4616,11
4617,14
4618,29
4619,53
4620,55
4621,22
4622,52
4623,22
4624,42
4625,10
4626,43
4627,60
4628,18
4629,14
4630,5
4631,28
4632,6
4633,63
4634,18
4635,3
4636,37
4637,48
4638,43
4639,16
4640,33
4641,33
4642,52
4643,11
4644,47
4645,17
4646,0
4647,7
4648,11
4649,14
4650,14
4651,2
4652,37
4653,29
4654,59
4655,51
4656,40
4657,0
4658,27
4659,25
4660,30
4661,33
4662,48
4663,1
4664,31
4665,4
4666,60
4667,3
4668,2
4669,3
4670,32
4671,1
4672,50
4673,49
4674,58
4675,23
4676,26
4677,34
4678,25
4679,20
4680,9
4681,36
4682,3
4683,47
4684,16
4685,56
4686,6
4687,35
4688,58
4689,58
4690,15
4691,53
4692,28
4693,9
4694,59
4695,45
4696,8
4697,3
4698,35
4699,24
4700,61
4701,16
4702,30
4703,6
4704,19
4705,38
4706,24
4707,43
4708,5
4709,12
4710,28
4711,24
4712,22
4713,34
4714,20
4715,16
4716,67
4717,51
4718,66
4719,27
4720,59
4721,55
4722,52
4723,55
4724,53
4725,23
4726,40
4727,3
4728,15
4729,33
4730,3
4731,8
4732,11
4733,5
4734,59
4735,61
4736,21
4737,42
4738,66
4739,9
4740,57
4741,48
4742,26
4743,0
4744,45
4745,41
4746,38
4747,7
4748,0
4749,38
4750,3
4751,18
4752,30
4753,41
4754,34
4755,35
4756,23
4757,23
4758,26
4759,0
4760,45
4761,34
4762,33
4763,14
4764,22
4765,34
4766,17
4767,2
4768,20
4769,45
4770,39
4771,17
4772,52
4773,36
4774,49
4775,1
4776,5
4777,55
4778,18
4779,42
4780,8
4781,13
4782,29
4783,41
4784,44
4785,13
4786,12
4787,47
4788,27
4789,59
4790,0
4791,56
4792,50
4793,39
4794,26
4795,5
4796,47
4797,7
4798,54
4799,5
4800,24
4801,38
4802,48
4803,26
4804,35
4805,12
4806,25
4807,46
4808,51
4809,13
4810,42
4811,4
4812,22
4813,0
4814,50
4815,46
4816,34
4817,13
4818,7
4819,43
4820,7
4821,47
4822,46
4823,53
4824,16
4825,15
4826,29
4827,16
4828,65
4829,13
4830,13
4831,49
4832,8
4833,62
4834,34
4835,6
4836,48
4837,13
4838,12
4839,24
4840,24
4841,25
4842,36
4843,33
4844,66
4845,2
4846,47
4847,61
4848,51
4849,34
4850,10
4851,29
4852,43
4853,7
4854,59
4855,0
4856,16
4857,51
4858,8
4859,16
4860,39
4861,11
4862,47
4863,28
4864,23
4865,61
4866,47
4867,46
4868,28
4869,2
4870,44
4871,6
4872,62
4873,31
4874,26
4875,0
4876,0
4877,0
4878,62
4879,42
4880,54
4881,28
4882,51
4883,12
4884,7
4885,37
4886,59
4887,50
4888,24
4889,45
4890,19
4891,8
4892,18
4893,7
4894,18
4895,51
4896,59
4897,61
4898,13
4899,5
4900,57
4901,41
4902,55
4903,53
4904,37
4905,38
4906,11
4907,25
4908,47
4909,11
4910,36
4911,2
4912,40
4913,19
4914,44
4915,0
4916,50
4917,25
4918,57
4919,34
4920,44
4921,8
4922,14
4923,46
4924,30
4925,34
4926,42
4927,38
4928,23
4929,10
4930,0
4931,1
4932,32
4933,2
4934,50
4935,44
4936,58
4937,61
4938,24
4939,20
4940,14
4941,0
4942,13
4943,5
4944,42
4945,30
4946,27
4947,35
4948,15
4949,14
4950,4
4951,0
4952,17
4953,32
4954,52
4955,3
4956,20
4957,14
4958,35
4959,56
4960,30
4961,5
4962,42
4963,32
4964,0
4965,46
4966,15
4967,46
4968,64
4969,30
4970,46
4971,49
4972,29
4973,59
4974,1
4975,17
4976,50
4977,36
4978,1
4979,30
4980,1
4981,63
4982,62
4983,5
4984,59
4985,27
4986,41
4987,55
4988,24
4989,68
4990,17
4991,9
4992,27
4993,0
4994,28
4995,41
4996,19
4997,48
4998,48
4999,38
5000,28
5001,44
5002,53
5003,7
5004,9
5005,6
5006,12
5007,6
5008,33
5009,46
5010,6
5011,37
5012,49
5013,54
5014,36
5015,60
5016,6
5017,32
5018,10
5019,49
5020,21
5021,17
5022,15
5023,16
5024,27
5025,29
5026,66
5027,5
5028,10
5029,9
5030,39
5031,38
5032,6
5033,34
5034,38
5035,7
5036,0
5037,3
5038,28
5039,11
5040,10
5041,4
5042,12
5043,48
5044,0
5045,62
5046,4
5047,47
5048,51
5049,41
5050,17
5051,14
5052,10
5053,24
5054,20
5055,22
5056,0
5057,42
5058,28
5059,41
5060,0
5061,39
5062,0
5063,66
5064,57
5065,33
5066,5
5067,0
5068,10
5069,4
5070,11
5071,46
5072,43
5073,38
5074,10
5075,46
5076,58
5077,17
5078,43
5079,14
5080,55
5081,65
5082,36
5083,40
5084,26
5085,9
5086,48
5087,51
5088,10
5089,8
5090,20
5091,7
5092,4
5093,62
5094,8
5095,27
5096,7
5097,0
5098,41
5099,12
5100,16
5101,45
5102,27
5103,61
5104,66
5105,62
5106,55
5107,1
5108,2
5109,18
5110,42
5111,4
5112,8
5113,22
5114,11
5115,66
5116,10
5117,0
5118,5
5119,40
5120,45
5121,59
5122,16
5123,50
5124,27
5125,5
5126,44
5127,38
5128,4
5129,51
5130,50
5131,23
5132,8
5133,35
5134,27
5135,55
5136,51
5137,38
5138,41
5139,8
5140,31
5141,45
5142,45
5143,55
5144,44
5145,44
5146,27
5147,32
5148,2
5149,44
5150,11
5151,24
5152,33
5153,4
5154,1
5155,42
5156,0
5157,29
5158,40
5159,12
5160,40
5161,46
5162,41
5163,12
5164,27
5165,9
5166,26
5167,0
5168,17
5169,26
5170,35
5171,33
5172,27
5173,39
5174,38
5175,26
5176,0
5177,65
5178,36
5179,55
5180,23
5181,13
5182,14
5183,9
5184,57
5185,10
5186,42
5187,36
5188,66
5189,23
5190,47
5191,24
5192,21
5193,3
5194,44
5195,62
5196,47
5197,2
5198,11
5199,56
5200,7
5201,19
5202,9
5203,35
5204,42
5205,30
5206,65
5207,18
5208,33
5209,33
5210,12
5211,66
5212,21
5213,38
5214,58
5215,37
5216,32
5217,42
5218,20
5219,23
5220,34
5221,6
5222,53
5223,43
5224,54
5225,0
5226,0
5227,0
5228,13
5229,31
5230,5
5231,19
5232,9
5233,21
5234,9
5235,7
5236,10
5237,17
5238,45
5239,8
5240,33
5241,45
5242,3
5243,30
5244,24
5245,8
5246,32
5247,55
5248,24
5249,9
5250,22
5251,11
5252,56
5253,20
5254,25
5255,1
5256,7
5257,48
5258,46
5259,27
5260,54
5261,21
5262,29
5263,22
5264,49
5265,49
5266,2
5267,18
5268,20
5269,33
5270,28
5271,3
5272,46
5273,21
5274,40
5275,57
5276,22
5277,4
5278,46
5279,24
5280,37
5281,23
5282,49
5283,52
5284,18
5285,9
5286,36
5287,29
5288,26
5289,29
5290,14
5291,55
5292,0
5293,20
5294,24
5295,4
5296,63
5297,49
5298,54
5299,27
5300,49
5301,2
5302,43
5303,3
5304,64
5305,4
5306,31
5307,22
5308,56
5309,21
5310,15
5311,0
5312,17
5313,15
5314,10
5315,1
5316,18
5317,22
5318,19
5319,10
5320,0
5321,40
5322,23
5323,60
5324,19
5325,50
5326,61
5327,61
5328,28
5329,4
5330,52
5331,22
5332,19
5333,37
5334,2
5335,47
5336,10
5337,0
5338,39
5339,37
5340,52
5341,39
5342,44
5343,0
5344,1
5345,22
5346,60
5347,12
5348,34
5349,14
5350,38
5351,10
5352,37
5353,63
5354,12
5355,55
5356,27
5357,26
5358,2
5359,7
5360,21
5361,27
5362,0
5363,60
5364,27
5365,34
5366,23
5367,5
5368,57
5369,30
5370,42
5371,33
5372,10
5373,1
5374,62
5375,44
5376,9
5377,53
5378,6
5379,39
5380,6
5381,21
5382,5
5383,42
5384,39
5385,26
5386,45
5387,9
5388,42
5389,34
5390,62
5391,29
5392,42
5393,2
5394,15
5395,40
5396,0
5397,8
5398,28
5399,45
5400,26
5401,0
5402,36
5403,15
5404,36
5405,40
5406,21
5407,31
5408,21
5409,36
5410,20
5411,5
5412,5
5413,49
5414,42
5415,20
5416,33
5417,5
5418,43
5419,2
5420,17
5421,58
5422,51
5423,31
5424,20
5425,13
5426,29
5427,12
5428,51
5429,9
5430,61
5431,30
5432,41
5433,66
5434,35
5435,45
5436,4
5437,42
5438,30
5439,37
5440,25
5441,24
5442,23
5443,3
5444,62
5445,8
5446,3
5447,14
5448,24
5449,9
5450,2
5451,40
5452,28
5453,22
5454,55
5455,5
5456,7
5457,13
5458,36
5459,24
5460,50
5461,46
5462,0
5463,45
5464,45
5465,20
5466,48
5467,17
5468,42
5469,29
5470,25
5471,16
5472,48
5473,41
5474,28
5475,34
5476,1
5477,23
5478,33
5479,6
5480,13
5481,66
5482,24
5483,32
5484,0
5485,31
5486,19
5487,35
5488,16
5489,11
5490,3
5491,2
5492,21
5493,42
5494,46
5495,17
5496,41
5497,4
5498,67
5499,49
5500,43
5501,63
5502,33
5503,23
5504,9
5505,19
5506,40
5507,64
5508,27
5509,26
5510,14
5511,14
5512,15
5513,22
5514,18
5515,4
5516,3
5517,6
5518,2
5519,2
5520,63
5521,38
5522,27
5523,8
5524,0
5525,1
5526,39
5527,25
5528,56
5529,64
5530,19
5531,5
5532,35
5533,13
5534,0
5535,27
5536,46
5537,2
5538,41
5539,35
5540,7
5541,64
5542,65
5543,21
5544,2
5545,55
5546,8
5547,16
5548,38
5549,15
5550,24
5551,53
5552,39
5553,3
5554,35
5555,23
5556,55
5557,1
5558,59
5559,16
5560,54
5561,47
5562,50
5563,52
5564,16
5565,24
5566,33
5567,61
5568,43
5569,44
5570,18
5571,44
5572,21
5573,46
5574,47
5575,43
5576,1
5577,8
5578,57
5579,0
5580,4
5581,9
5582,3
5583,62
5584,13
5585,10
5586,61
5587,26
5588,11
5589,2
5590,51
5591,7
5592,2
5593,15
5594,0
5595,1
5596,15
5597,41
5598,35
5599,15
5600,13
5601,58
5602,4
5603,57
5604,62
5605,24
5606,7
5607,53
5608,36
5609,8
5610,32
5611,6
5612,7
5613,1
5614,9
5615,1
5616,20
5617,25
5618,52
5619,15
5620,41
5621,26
5622,57
5623,35
5624,24
5625,33
5626,44
5627,35
5628,25
5629,48
5630,8
5631,59
5632,1
5633,11
5634,27
5635,5
5636,6
5637,21
5638,21
5639,9
5640,57
5641,7
5642,24
5643,18
5644,28
5645,19
5646,33
5647,14
5648,37
5649,23
5650,17
5651,44
5652,15
5653,25
5654,37
5655,51
5656,53
5657,59
5658,0
5659,11
5660,0
5661,68
5662,45
5663,29
5664,47
5665,30
5666,33
5667,23
5668,50
5669,20
5670,55
5671,26
5672,37
5673,22
5674,33
5675,14
5676,22
5677,32
5678,35
5679,6
5680,14
5681,17
5682,48
5683,0
5684,64
5685,35
5686,21
5687,48
5688,54
5689,1
5690,32
5691,9
5692,15
5693,20
5694,4
5695,8
5696,45
5697,23
5698,42
5699,11
5700,19
5701,42
5702,19
5703,26
5704,50
5705,32
5706,36
5707,17
5708,28
5709,26
5710,27
5711,39
5712,63
5713,33
5714,21
5715,6
5716,52
5717,67
5718,3
5719,1
5720,0
5721,56
5722,4
5723,53
5724,10
5725,46
5726,29
5727,53
5728,45
5729,35
5730,24
5731,14
5732,2
5733,23
5734,19
5735,37
5736,36
5737,51
5738,6
5739,41
5740,30
5741,44
5742,56
5743,35
5744,16
5745,31
5746,42
5747,61
5748,1
5749,20
5750,48
5751,29
5752,30
5753,52
5754,17
5755,30
5756,45
5757,8
5758,51
5759,7
5760,29
5761,16
5762,15
5763,2
5764,37
5765,18
5766,29
5767,39
5768,36
5769,44
5770,58
5771,9
5772,16
5773,32
5774,53
5775,43
5776,67
5777,66
5778,42
5779,58
5780,32
5781,51
5782,43
5783,22
5784,47
5785,59
5786,45
5787,12
5788,56
5789,5
5790,23
5791,16
5792,17
5793,42
5794,13
5795,65
5796,4
5797,14
5798,49
5799,13
5800,32
5801,56
5802,0
5803,0
5804,41
5805,27
5806,48
5807,21
5808,42
5809,0
5810,16
5811,21
5812,35
5813,44
5814,30
5815,8
5816,59
5817,4
5818,47
5819,53
5820,17
5821,14
5822,59
5823,9
5824,48
5825,18
5826,23
5827,18
5828,11
5829,47
5830,40
5831,3
5832,2
5833,35
5834,61
5835,49
5836,57
5837,39
5838,53
5839,18
5840,41
5841,28
5842,67
5843,8
5844,0
5845,54
5846,32
5847,16
5848,32
5849,1
5850,5
5851,28
5852,47
5853,17
5854,0
5855,19
5856,41
5857,2
5858,29
5859,30
5860,29
5861,25
5862,7
5863,16
5864,5
5865,50
5866,51
5867,62
5868,1
5869,39
5870,24
5871,0
5872,15
5873,64
5874,48
5875,52
5876,27
5877,11
5878,28
5879,17
5880,52
5881,42
5882,22
5883,40
5884,33
5885,55
5886,47
5887,6
5888,9
5889,7
5890,5
5891,20
5892,7
5893,47
5894,54
5895,23
5896,0
5897,26
5898,33
5899,38
5900,52
5901,28
5902,45
5903,19
5904,14
5905,21
5906,17
5907,8
5908,12
5909,3
5910,1
5911,11
5912,34
5913,7
5914,31
5915,36
5916,49
5917,57
5918,1
5919,20
5920,7
5921,1
5922,57
5923,5
5924,29
5925,9
5926,17
5927,56
5928,7
5929,15
5930,55
5931,42
5932,32
5933,12
5934,35
5935,34
5936,43
5937,47
5938,44
5939,33
5940,41
5941,34
5942,0
5943,3
5944,8
5945,11
5946,40
5947,57
5948,19
5949,16
5950,67
5951,25
5952,5
5953,43
5954,38
5955,3
5956,0
5957,0
5958,42
5959,39
5960,61
5961,18
5962,59
5963,30
5964,4
5965,0
5966,6
5967,60
5968,50
5969,47
5970,26
5971,0
5972,0
5973,57
5974,32
5975,67
5976,13
5977,26
5978,42
5979,3
5980,33
5981,27
5982,0
5983,36
5984,46
5985,31
5986,48
5987,47
5988,20
5989,56
5990,14
5991,43
5992,56
5993,22
5994,17
5995,25
5996,11
5997,57
5998,25
5999,25
6000,4
6001,41
6002,21
6003,29
6004,16
6005,0
6006,60
6007,43
6008,9
6009,20
6010,40
6011,56
6012,54
6013,25
6014,43
6015,24
6016,44
6017,12
6018,34
6019,33
6020,44
6021,4
6022,21
6023,27
6024,38
6025,31
6026,8
6027,34
6028,41
6029,0
6030,2
6031,42
6032,9
6033,16
6034,44
6035,18
6036,44
6037,22
6038,14
6039,28
6040,27
6041,67
6042,60
6043,31
6044,62
6045,57
6046,40
6047,6
6048,16
6049,13
6050,10
6051,23
6052,7
6053,20
6054,47
6055,11
6056,58
6057,2
6058,31
6059,30
6060,4
6061,2
6062,0
6063,42
6064,3
6065,33
6066,17
6067,14
6068,57
6069,26
6070,49
6071,41
6072,24
6073,33
6074,37
6075,22
6076,14
6077,43
6078,67
6079,18
6080,46
6081,17
6082,49
6083,25
6084,31
6085,15
6086,53
6087,10
6088,1
6089,10
6090,0
6091,19
6092,37
6093,1
6094,14
6095,37
6096,47
6097,43
6098,38
6099,3
6100,14
6101,47
6102,5
6103,12
6104,3
6105,31
6106,12
6107,54
6108,0
6109,7
6110,9
6111,31
6112,54
6113,42
6114,0
6115,26
6116,15
6117,14
6118,42
6119,20
6120,13
6121,11
6122,60
6123,47
6124,26
6125,9
6126,56
6127,24
6128,46
6129,21
6130,50
6131,13
6132,35
6133,32
6134,51
6135,13
6136,6
6137,28
6138,40
6139,9
6140,31
6141,57
6142,49
6143,0
6144,0
6145,56
6146,0
6147,66
6148,56
6149,16
6150,35
6151,31
6152,51
6153,25
6154,39
6155,58
6156,40
6157,11
6158,0
6159,52
6160,3
6161,49
6162,54
6163,23
6164,11
6165,9
6166,1
6167,16
6168,27
6169,0
6170,5
6171,7
6172,56
6173,23
6174,4
6175,6
6176,36
6177,32
6178,13
6179,62
6180,52
6181,54
6182,30
6183,47
6184,65
6185,22
6186,54
6187,43
6188,29
6189,15
6190,45
6191,63
6192,18
6193,67
6194,40
6195,26
6196,13
6197,12
6198,2
6199,21
6200,0
6201,44
6202,7
6203,38
6204,4
6205,43
6206,55
6207,13
6208,48
6209,5
6210,7
6211,7
6212,0
6213,67
6214,11
6215,1
6216,29
6217,44
6218,6
6219,35
6220,47
6221,35
6222,12
6223,32
6224,8
6225,32
6226,40
6227,5
6228,21
6229,4
6230,24
6231,31
6232,47
6233,1
6234,58
6235,39
6236,35
6237,27
6238,26
6239,49
6240,5
6241,1
6242,41
6243,45
6244,35
6245,24
6246,8
6247,6
6248,2
6249,15
6250,52
6251,17
6252,6
6253,6
6254,46
6255,40
6256,45
6257,35
6258,6
6259,14
6260,1
6261,6
6262,58
6263,2
6264,31
6265,63
6266,29
6267,12
6268,59
6269,5
6270,62
6271,5
6272,12
6273,39
6274,19
6275,32
6276,43
6277,34
6278,53
6279,60
6280,46
6281,52
6282,31
6283,38
6284,0
6285,50
6286,5
6287,19
6288,43
6289,42
6290,35
6291,41
6292,34
6293,11
6294,37
6295,45
6296,4
6297,61
6298,18
6299,67
6300,63
6301,0
6302,56
6303,20
6304,15
6305,12
6306,20
6307,12
6308,46
6309,40
6310,10
6311,36
6312,41
6313,28
6314,26
6315,65
6316,29
6317,58
6318,21
6319,26
6320,4
6321,53
6322,29
6323,18
6324,44
6325,36
6326,43
6327,44
6328,23
6329,18
6330,24
6331,11
6332,53
6333,43
6334,27
6335,26
6336,24
6337,19
6338,25
6339,7
6340,64
6341,27
6342,13
6343,40
6344,6
6345,20
6346,51
6347,64
6348,40
6349,56
6350,18
6351,46
6352,16
6353,0
6354,10
6355,0
6356,18
6357,18
6358,16
6359,37
6360,55
6361,48
6362,25
6363,8
6364,26
6365,27
6366,25
6367,54
6368,4
6369,12
6370,7
6371,56
6372,58
6373,10
6374,29
6375,3
6376,52
6377,53
6378,24
6379,36
6380,26
6381,46
6382,52
6383,46
6384,39
6385,7
6386,65
6387,61
6388,35
6389,52
6390,9
6391,20
6392,50
6393,62
6394,15
6395,38
6396,54
6397,35
6398,44
6399,57
6400,62
6401,43
6402,49
6403,7
6404,2
6405,56
6406,10
6407,54
6408,40
6409,38
6410,41
6411,0
6412,1
6413,1
6414,4
6415,8
6416,42
6417,14
6418,25
6419,58
6420,0
6421,25
6422,3
6423,5
6424,48
6425,12
6426,56
6427,37
6428,6
6429,13
6430,28
6431,35
6432,54
6433,50
6434,5
6435,52
6436,7
6437,50
6438,7
6439,7
6440,10
6441,49
6442,27
6443,0
6444,68
6445,32
6446,2
6447,23
6448,53
6449,30
6450,47
6451,10
6452,25
6453,20
6454,22
6455,25
6456,30
6457,54
6458,63
6459,53
6460,21
6461,59
6462,67
6463,18
6464,13
6465,3
6466,60
6467,31
6468,29
6469,59
6470,42
6471,3
6472,51
6473,48
6474,15
6475,50
6476,46
6477,36
6478,37
6479,41
6480,55
6481,49
6482,57
6483,18
6484,11
6485,15
6486,58
6487,9
6488,43
6489,56
6490,18
6491,28
6492,0
6493,0
6494,12
6495,23
6496,31
6497,42
6498,17
6499,35
6500,54
6501,10
6502,18
6503,28
6504,4
6505,17
6506,19
6507,2
6508,11
6509,31
6510,61
6511,10
6512,46
6513,63
6514,11
6515,19
6516,15
6517,63
6518,63
6519,1
6520,44
6521,64
6522,24
6523,5
6524,21
6525,40
6526,28
6527,21
6528,9
6529,1
6530,3
6531,17
6532,7
6533,52
6534,36
6535,22
6536,1
6537,36
6538,10
6539,14
6540,10
6541,41
6542,44
6543,66
6544,11
6545,11
6546,36
6547,60
6548,27
6549,65
6550,26
6551,2
6552,22
6553,49
6554,52
6555,8
6556,47
6557,66
6558,20
6559,40
6560,8
6561,31
6562,61
6563,10
6564,49
6565,38
6566,10
6567,11
6568,52
6569,49
6570,44
6571,49
6572,39
6573,15
6574,55
6575,13
6576,2
6577,1
6578,42
6579,47
6580,35
6581,65
6582,20
6583,1
6584,5
6585,38
6586,46
6587,11
6588,25
6589,0
6590,54
6591,51
6592,20
6593,54
6594,18
6595,50
6596,51
6597,10
6598,23
6599,35
6600,36
6601,59
6602,16
6603,56
6604,47
6605,46
6606,48
6607,0
6608,6
6609,36
6610,54
6611,29
6612,11
6613,48
6614,60
6615,4
6616,23
6617,3
6618,54
6619,32
6620,32
6621,6
6622,27
6623,16
6624,5
6625,58
6626,9
6627,3
6628,60
6629,11
6630,7
6631,13
6632,4
6633,17
6634,26
6635,18
6636,18
6637,51
6638,14
6639,0
6640,38
6641,47
6642,49
6643,11
6644,58
6645,6
6646,2
6647,0
6648,9
6649,29
6650,11
6651,2
6652,8
6653,14
6654,25
6655,1
6656,59
6657,12
6658,16
6659,55
6660,48
6661,3
6662,25
6663,27
6664,18
6665,44
6666,49
6667,26
6668,33
6669,37
6670,39
6671,43
6672,45
6673,2
6674,19
6675,0
6676,50
6677,20
6678,0
6679,12
6680,0
6681,0
6682,39
6683,61
6684,55
6685,1
6686,16
6687,34
6688,46
6689,9
6690,64
6691,38
6692,10
6693,47
6694,10
6695,25
6696,2
6697,13
6698,51
6699,12
6700,23
6701,54
6702,46
6703,56
6704,14
6705,44
6706,13
6707,3
6708,14
6709,48
6710,12
6711,37
6712,0
6713,16
6714,37
6715,33
6716,45
6717,4
6718,51
6719,8
6720,11
6721,49
6722,55
6723,39
6724,45
6725,59
6726,16
6727,52
6728,48
6729,14
6730,46
6731,4
6732,28
6733,15
6734,25
6735,10
6736,34
6737,6
6738,0
6739,23
6740,49
6741,50
6742,21
6743,24
6744,3
6745,42
6746,51
6747,15
6748,19
6749,18
6750,57
6751,42
6752,0
6753,28
6754,43
6755,11
6756,8
6757,12
6758,32
6759,40
6760,9
6761,23
6762,12
6763,6
6764,2
6765,61
6766,36
6767,45
6768,2
6769,50
6770,64
6771,59
6772,45
6773,47
6774,55
6775,39
6776,34
6777,22
6778,25
6779,8
6780,23
6781,36
6782,11
6783,2
6784,18
6785,32
6786,6
6787,14
6788,17
6789,67
6790,32
6791,27
6792,48
6793,41
6794,22
6795,1
6796,4
6797,39
6798,32
6799,68
6800,64
6801,11
6802,45
6803,65
6804,46
6805,6
6806,47
6807,13
6808,66
6809,21
6810,34
6811,15
6812,21
6813,18
6814,37
6815,35
6816,10
6817,5
6818,46
6819,61
6820,3
6821,22
6822,63
6823,58
6824,13
6825,52
6826,22
6827,9
6828,0
6829,49
6830,27
6831,46
6832,23
6833,0
6834,27
6835,0
6836,45
6837,28
6838,57
6839,36
6840,47
6841,42
6842,7
6843,21
6844,23
6845,65
6846,59
6847,17
6848,21
6849,28
6850,11
6851,39
6852,36
6853,1
6854,40
6855,6
6856,17
6857,17
6858,40
6859,17
6860,9
6861,15
6862,59
6863,7
6864,29
6865,41
6866,30
6867,2
6868,54
6869,13
6870,52
6871,14
6872,32
6873,0
6874,45
6875,30
6876,15
6877,44
6878,3
6879,41
6880,0
6881,50
6882,58
6883,32
6884,44
6885,17
6886,61
6887,16
6888,3
6889,33
6890,6
6891,56
6892,51
6893,4
6894,34
6895,42
6896,38
6897,28
6898,36
6899,5
6900,1
6901,20
6902,4
6903,56
6904,47
6905,27
6906,64
6907,33
6908,36
6909,29
6910,29
6911,60
6912,47
6913,61
6914,45
6915,31
6916,7
6917,0
6918,33
6919,59
6920,5
6921,35
6922,2
6923,49
6924,41
6925,9
6926,7
6927,37
6928,13
6929,47
6930,38
6931,11
6932,44
6933,45
6934,54
6935,37
6936,27
6937,23
6938,47
6939,66
6940,5
6941,33
6942,34
6943,3
6944,32
6945,66
6946,39
6947,60
6948,51
6949,5
6950,31
6951,49
6952,49
6953,23
6954,58
6955,52
6956,18
6957,9
6958,44
6959,40
6960,13
6961,61
6962,6
6963,39
6964,28
6965,64
6966,2
6967,45
6968,23
6969,19
6970,35
6971,19
6972,20
6973,50
6974,64
6975,20
6976,62
6977,44
6978,13
6979,33
6980,6
6981,40
6982,32
6983,22
6984,10
6985,12
6986,37
6987,55
6988,6
6989,11
6990,36
6991,19
6992,50
6993,45
6994,15
6995,51
6996,29
6997,30
6998,6
6999,22
7000,36
7001,43
7002,35
7003,25
7004,52
7005,59
7006,68
7007,3
7008,8
7009,3
7010,33
7011,49
7012,47
7013,1
7014,62
7015,9
7016,15
7017,26
7018,29
7019,20
7020,31
7021,18
7022,17
7023,30
7024,0
7025,43
7026,13
7027,1
7028,19
7029,60
7030,35
7031,18
7032,24
7033,36
7034,6
7035,34
7036,41
7037,36
7038,66
7039,19
7040,60
7041,24
7042,26
7043,1
7044,54
7045,26
7046,38
7047,16
7048,12
7049,37
7050,18
7051,59
7052,7
7053,15
7054,25
7055,29
7056,22
7057,33
7058,35
7059,48
7060,16
7061,47
7062,40
7063,39
7064,7
7065,22
7066,59
7067,20
7068,49
7069,12
7070,4
7071,58
7072,62
7073,16
7074,39
7075,32
7076,45
7077,43
7078,31
7079,35
7080,36
7081,39
7082,7
7083,15
7084,38
7085,49
7086,28
7087,4
7088,54
7089,20
7090,16
7091,2
7092,31
7093,5
7094,0
7095,47
7096,4
7097,45
7098,7
7099,57
7100,26
7101,46
7102,46
7103,5
7104,18
7105,30
7106,0
7107,55
7108,53
7109,40
7110,1
7111,17
7112,48
7113,50
7114,41
7115,21
7116,41
7117,49
7118,41
7119,12
7120,34
7121,42
7122,28
7123,40
7124,45
7125,33
7126,23
7127,49
7128,7
7129,12
7130,58
7131,12
7132,46
7133,33
7134,28
7135,47
7136,22
7137,41
7138,22
7139,14
7140,44
7141,15
7142,22
7143,10
7144,2
7145,26
7146,21
7147,6
7148,62
7149,24
7150,16
7151,17
7152,3
7153,3
7154,46
7155,40
7156,9
7157,34
7158,50
7159,14
7160,44
7161,25
7162,53
7163,9
7164,36
7165,25
7166,40
7167,25
7168,3
7169,38
7170,66
7171,34
7172,19
7173,12
7174,11
7175,43
7176,45
7177,24
7178,25
7179,0
7180,59
7181,22
7182,38
7183,41
7184,25
7185,33
7186,0
7187,16
7188,22
7189,23
7190,19
7191,52
7192,21
7193,2
7194,8
7195,9
7196,42
7197,44
7198,46
7199,7
7200,6
7201,42
7202,24
7203,11
7204,32
7205,25
7206,8
7207,53
7208,26
7209,25
7210,5
7211,34
7212,9
7213,62
7214,50
7215,53
7216,37
7217,36
7218,55
7219,45
7220,7
7221,39
7222,46
7223,35
7224,43
7225,7
7226,44
7227,7
7228,8
7229,5
7230,65
7231,0
7232,8
7233,24
7234,42
7235,37
7236,50
7237,27
7238,31
7239,25
7240,57
7241,22
7242,32
7243,11
7244,9
7245,1
7246,61
7247,36
7248,36
7249,18
7250,11
7251,25
7252,0
7253,63
7254,51
7255,37
7256,10
7257,18
7258,68
7259,37
7260,18
7261,14
7262,7
7263,16
7264,52
7265,17
7266,29
7267,19
7268,14
7269,44
7270,40
7271,51
7272,17
7273,10
7274,0
7275,4
7276,34
7277,20
7278,29
7279,53
7280,37
7281,42
7282,22
7283,48
7284,28
7285,0
7286,21
7287,27
7288,4
7289,9
7290,32
7291,31
7292,39
7293,28
7294,22
7295,8
7296,32
7297,33
7298,6
7299,20
7300,32
7301,47
7302,12
7303,63
7304,30
7305,27
7306,6
7307,48
7308,3
7309,36
7310,40
7311,30
7312,64
7313,4
7314,9
7315,33
7316,37
7317,22
7318,45
7319,29
7320,16
7321,17
7322,58
7323,48
7324,20
7325,6
7326,29
7327,4
7328,12
7329,6
7330,53
7331,0
7332,57
7333,67
7334,14
7335,64
7336,65
7337,48
7338,21
7339,14
7340,63
7341,67
7342,6
7343,2
7344,49
7345,24
7346,52
7347,49
7348,52
7349,20
7350,45
7351,17
7352,3
7353,11
7354,51
7355,23
7356,33
7357,18
7358,2
7359,9
7360,40
7361,5
7362,22
7363,40
7364,50
7365,48
7366,0
7367,38
7368,32
7369,17
7370,18
7371,42
7372,3
7373,3
7374,38
7375,58
7376,24
7377,39
7378,18
7379,28
7380,13
7381,13
7382,51
7383,22
7384,16
7385,39
7386,24
7387,3
7388,19
7389,6
7390,60
7391,17
7392,42
7393,20
7394,34
7395,30
7396,14
7397,9
7398,33
7399,42
7400,31
7401,19
7402,32
7403,3
7404,12
7405,67
7406,60
7407,30
7408,35
7409,47
7410,59
7411,16
7412,18
7413,29
7414,39
7415,18
7416,65
7417,48
7418,35
7419,1
7420,9
7421,60
7422,34
7423,25
7424,36
7425,54
7426,24
7427,13
7428,61
7429,24
7430,19
7431,41
7432,23
7433,10
7434,15
7435,63
7436,0
7437,0
7438,15
7439,5
7440,48
7441,49
7442,16
7443,12
7444,29
7445,28
7446,40
7447,24
7448,42
7449,30
7450,63
7451,31
7452,9
7453,21
7454,6
7455,34
7456,1
7457,23
7458,5
7459,33
7460,41
7461,15
7462,18
7463,53
7464,1
7465,23
7466,48
7467,11
7468,3
7469,26
7470,36
7471,36
7472,20
7473,9
7474,43
7475,36
7476,13
7477,65
7478,19
7479,4
7480,1
7481,12
7482,23
7483,9
7484,10
7485,0
7486,8
7487,8
7488,49
7489,40
7490,32
7491,31
7492,34
7493,16
7494,16
7495,60
7496,55
7497,26
7498,21
7499,20
7500,14
7501,0
7502,49
7503,50
7504,7
7505,27
7506,30
7507,65
7508,58
7509,37
7510,24
7511,49
7512,16
7513,60
7514,59
7515,29
7516,50
7517,32
7518,17
7519,45
7520,13
7521,50
7522,36
7523,25
7524,67
7525,36
7526,27
7527,23
7528,3
7529,30
7530,27
7531,27
7532,45
7533,22
7534,16
7535,18
7536,19
7537,40
7538,24
7539,32
7540,24
7541,2
7542,5
7543,15
7544,28
7545,20
7546,27
7547,22
7548,47
7549,35
7550,66
7551,11
7552,65
7553,36
7554,12
7555,34
7556,42
7557,39
7558,28
7559,24
7560,31
7561,55
7562,3
7563,17
7564,18
7565,33
7566,0
7567,39
7568,44
7569,49
7570,26
7571,6
7572,48
7573,13
7574,13
7575,30
7576,27
7577,65
7578,22
7579,47
7580,21
7581,15
7582,7
7583,54
7584,40
7585,19
7586,28
7587,55
7588,2
7589,58
7590,18
7591,1
7592,52
7593,44
7594,48
7595,31
7596,60
7597,18
7598,66
7599,33
7600,35
7601,18
7602,8
7603,64
7604,13
7605,38
7606,57
7607,33
7608,32
7609,9
7610,64
7611,23
7612,17
7613,40
7614,24
7615,2
7616,6
7617,28
7618,41
7619,34
7620,65
7621,14
7622,18
7623,40
7624,45
7625,0
7626,49
7627,31
7628,15
7629,46
7630,19
7631,21
7632,37
7633,9
7634,38
7635,32
7636,16
7637,45
7638,47
7639,48
7640,6
7641,10
7642,62
7643,18
7644,21
7645,53
7646,26
7647,0
7648,30
7649,1
7650,57
7651,18
7652,65
7653,57
7654,49
7655,46
7656,12
7657,5
7658,26
7659,39
7660,44
7661,39
7662,7
7663,59
7664,3
7665,24
7666,11
7667,23
7668,5
7669,39
7670,39
7671,0
7672,39
7673,32
7674,12
7675,14
7676,58
7677,7
7678,63
7679,44
7680,59
7681,20
7682,38
7683,13
7684,1
7685,18
7686,33
7687,23
7688,64
7689,10
7690,39
7691,46
7692,4
7693,36
7694,55
7695,52
7696,15
7697,36
7698,30
7699,35
7700,44
7701,25
7702,6
7703,4
7704,60
7705,60
7706,58
7707,13
7708,50
7709,35
7710,31
7711,16
7712,15
7713,14
7714,38
7715,15
7716,12
7717,1
7718,25
7719,42
7720,36
7721,53
7722,23
7723,46
7724,18
7725,27
7726,19
7727,48
7728,53
7729,31
7730,21
7731,42
7732,15
7733,12
7734,15
7735,25
7736,48
7737,63
7738,8
7739,30
7740,16
7741,19
7742,41
7743,66
7744,48
7745,11
7746,30
7747,15
7748,14
7749,47
7750,53
7751,32
7752,14
7753,57
7754,11
7755,7
7756,1
7757,40
7758,6
7759,0
7760,15
7761,24
7762,56
7763,32
7764,52
7765,52
7766,53
7767,25
7768,65
7769,30
7770,20
7771,67
7772,12
7773,5
7774,1
7775,36
7776,11
7777,35
7778,9
7779,20
7780,13
7781,27
7782,66
7783,23
7784,19
7785,4
7786,31
7787,36
7788,39
7789,25
7790,18
7791,36
7792,39
7793,59
7794,51
7795,34
7796,28
7797,37
7798,40
7799,1
7800,39
7801,58
7802,40
7803,24
7804,28
7805,14
7806,15
7807,27
7808,29
7809,44
7810,28
7811,33
7812,2
7813,12
7814,12
7815,37
7816,20
7817,0
7818,30
7819,57
7820,50
7821,35
7822,52
7823,53
7824,15
7825,40
7826,1
7827,67
7828,62
7829,11
7830,39
7831,7
7832,63
7833,35
7834,8
7835,1
7836,33
7837,16
7838,2
7839,6
7840,15
7841,20
7842,28
7843,17
7844,7
7845,20
7846,13
7847,15
7848,3
7849,3
7850,12
7851,28
7852,56
7853,14
7854,1
7855,58
7856,49
7857,0
7858,2
7859,14
7860,45
7861,6
7862,33
7863,49
7864,15
7865,4
7866,35
7867,0
7868,58
7869,32
7870,52
7871,32
7872,56
7873,1
7874,11
7875,46
7876,40
7877,2
7878,42
7879,24
7880,22
7881,53
7882,36
7883,41
7884,16
7885,15
7886,6
7887,45
7888,25
7889,14
7890,52
7891,56
7892,30
7893,50
7894,33
7895,39
7896,66
7897,33
7898,31
7899,19
7900,2
7901,63
7902,40
7903,26
7904,36
7905,28
7906,40
7907,33
7908,36
7909,64
7910,7
7911,8
7912,6
7913,54
7914,18
7915,34
7916,32
7917,41
7918,7
7919,0
7920,2
7921,20
7922,27
7923,2
7924,22
7925,50
7926,30
7927,0
7928,39
7929,25
7930,36
7931,51
7932,20
7933,30
7934,30
7935,43
7936,51
7937,17
7938,54
7939,3
7940,13
7941,30
7942,11
7943,31
7944,4
7945,56
7946,67
7947,8
7948,21
7949,1
7950,57
7951,57
7952,3
7953,53
7954,52
7955,16
7956,66
7957,32
7958,59
7959,50
7960,17
7961,33
7962,25
7963,45
7964,36
7965,18
7966,20
7967,51
7968,15
7969,15
7970,6
7971,44
7972,12
7973,48
7974,11
7975,30
7976,14
7977,11
7978,9
7979,24
7980,23
7981,22
7982,10
7983,31
7984,47
7985,10
7986,4
7987,30
7988,10
7989,41
7990,49
7991,0
7992,7
7993,10
7994,17
7995,1
7996,20
7997,44
7998,2
7999,48
8000,32
8001,67
8002,3
8003,61
8004,0
8005,37
8006,25
8007,19
8008,25
8009,60
8010,33
8011,31
8012,53
8013,15
8014,11
8015,43
8016,63
8017,44
8018,18
8019,31
8020,27
8021,3
8022,18
8023,46
8024,0
8025,21
8026,18
8027,4
8028,18
8029,32
8030,10
8031,20
8032,13
8033,29
8034,2
8035,1
8036,0
8037,64
8038,7
8039,16
8040,31
8041,1
8042,17
8043,16
8044,13
8045,18
8046,25
8047,53
8048,13
8049,19
8050,3
8051,47
8052,35
8053,39
8054,51
8055,23
8056,17
8057,9
8058,21
8059,53
8060,3
8061,36
8062,22
8063,26
8064,24
8065,48
8066,63
8067,26
8068,7
8069,36
8070,46
8071,18
8072,11
8073,33
8074,21
8075,23
8076,23
8077,0
8078,30
8079,54
8080,50
8081,37
8082,22
8083,41
8084,41
8085,39
8086,11
8087,33
8088,22
8089,60
8090,17
8091,13
8092,40
8093,40
8094,15
8095,12
8096,50
8097,0
8098,25
8099,29
8100,22
8101,37
8102,42
8103,44
8104,32
8105,8
8106,31
8107,37
8108,29
8109,15
8110,2
8111,1
8112,48
8113,0
8114,10
8115,10
8116,35
8117,1
8118,49
8119,18
8120,9
8121,29
8122,3
8123,28
8124,60
8125,24
8126,19
8127,23
8128,36
8129,28
8130,55
8131,50
8132,9
8133,0
8134,1
8135,19
8136,35
8137,40
8138,36
8139,45
8140,9
8141,42
8142,45
8143,9
8144,4
8145,23
8146,56
8147,3
8148,43
8149,33
8150,21
8151,26
8152,0
8153,30
8154,6
8155,5
8156,31
8157,23
8158,22
8159,21
8160,48
8161,42
8162,2
8163,24
8164,37
8165,11
8166,40
8167,21
8168,31
8169,0
8170,16
8171,45
8172,41
8173,45
8174,17
8175,46
8176,1
8177,25
8178,44
8179,33
8180,47
8181,52
8182,50
8183,1
8184,56
8185,33
8186,41
8187,31
8188,23
8189,6
8190,45
8191,13
8192,44
8193,12
8194,56
8195,52
8196,30
8197,3
8198,21
8199,48
8200,54
8201,10
8202,2
8203,25
8204,63
8205,8
8206,20
8207,28
8208,38
8209,3
8210,40
8211,61
8212,16
8213,27
8214,12
8215,46
8216,2
8217,43
8218,13
8219,42
8220,11
8221,17
8222,7
8223,28
8224,55
8225,21
8226,33
8227,30
8228,62
8229,0
8230,18
8231,67
8232,8
8233,22
8234,14
8235,19
8236,35
8237,31
8238,40
8239,18
8240,24
8241,26
8242,27
8243,40
8244,25
8245,10
8246,30
8247,67
8248,0
8249,3
8250,44
8251,26
8252,47
8253,17
8254,67
8255,17
8256,50
8257,43
8258,2
8259,59
8260,23
8261,55
8262,45
8263,43
8264,42
8265,23
8266,28
8267,35
8268,44
8269,49
8270,28
8271,1
8272,23
8273,7
8274,39
8275,54
8276,39
8277,53
8278,21
8279,30
8280,56
8281,4
8282,17
8283,30
8284,49
8285,52
8286,23
8287,36
8288,54
8289,62
8290,15
8291,18
8292,41
8293,24
8294,23
8295,66
8296,8
8297,11
8298,34
8299,6
8300,7
8301,23
8302,27
8303,61
8304,49
8305,23
8306,35
8307,56
8308,43
8309,30
8310,12
8311,16
8312,35
8313,34
8314,43
8315,66
8316,31
8317,23
8318,38
8319,37
8320,18
8321,1
8322,62
8323,25
8324,14
8325,51
8326,53
8327,34
8328,29
8329,24
8330,49
8331,28
8332,0
8333,12
8334,29
8335,62
8336,10
8337,38
8338,63
8339,58
8340,15
8341,51
8342,10
8343,30
8344,45
8345,28
8346,47
8347,24
8348,8
8349,8
8350,19
8351,4
8352,23
8353,14
8354,19
8355,31
8356,38
8357,54
8358,2
8359,66
8360,59
8361,66
8362,52
8363,17
8364,39
8365,1
8366,42
8367,7
8368,0
8369,42
8370,53
8371,43
8372,2
8373,7
8374,4
8375,13
8376,24
8377,41
8378,6
8379,4
8380,25
8381,31
8382,10
8383,57
8384,22
8385,13
8386,39
8387,30
8388,42
8389,58
8390,31
8391,40
8392,60
8393,53
8394,5
8395,19
8396,54
8397,26
8398,13
8399,0
8400,0
8401,0
8402,32
8403,8
8404,15
8405,20
8406,16
8407,44
8408,42
8409,13
8410,35
8411,55
8412,52
8413,8
8414,18
8415,39
8416,4
8417,40
8418,50
8419,27
8420,0
8421,26
8422,19
8423,12
8424,17
8425,36
8426,38
8427,55
8428,44
8429,66
8430,27
8431,48
8432,17
8433,58
8434,31
8435,41
8436,3
8437,2
8438,2
8439,20
8440,15
8441,22
8442,16
8443,21
8444,18
8445,8
8446,51
8447,10
8448,48
8449,15
8450,48
8451,1
8452,12
8453,61
8454,12
8455,57
8456,6
8457,35
8458,42
8459,57
8460,22
8461,48
8462,55
8463,1
8464,17
8465,39
8466,0
8467,16
8468,41
8469,48
8470,41
8471,40
8472,30
8473,5
8474,31
8475,16
8476,38
8477,22
8478,0
8479,13
8480,53
8481,25
8482,22
8483,29
8484,42
8485,20
8486,36
8487,13
8488,57
8489,3
8490,44
8491,65
8492,52
8493,59
8494,61
8495,52
8496,4
8497,30
8498,23
8499,39
8500,38
8501,20
8502,21
8503,5
8504,44
8505,12
8506,8
8507,11
8508,1
8509,62
8510,33
8511,28
8512,19
8513,1
8514,0
8515,8
8516,47
8517,25
8518,25
8519,41
8520,65
8521,0
8522,38
8523,48
8524,56
8525,36
8526,20
8527,22
8528,26
8529,11
8530,6
8531,6
8532,62
8533,38
8534,29
8535,9
8536,39
8537,12
8538,60
8539,10
8540,14
8541,59
8542,45
8543,35
8544,35
8545,40
8546,20
8547,27
8548,31
8549,63
8550,0
8551,48
8552,6
8553,43
8554,0
8555,8
8556,1
8557,58
8558,29
8559,19
8560,37
8561,46
8562,31
8563,26
8564,58
8565,27
8566,48
8567,31
8568,39
8569,31
8570,9
8571,16
8572,56
8573,4
8574,18
8575,41
8576,0
8577,10
8578,14
8579,49
8580,16
8581,1
8582,45
8583,23
8584,37
8585,42
8586,15
8587,21
8588,6
8589,27
8590,11
8591,19
8592,32
8593,37
8594,8
8595,9
8596,4
8597,60
8598,24
8599,20
8600,38
8601,16
8602,12
8603,47
8604,26
8605,41
8606,49
8607,0
8608,55
8609,5
8610,10
8611,52
8612,0
8613,23
8614,5
8615,21
8616,8
8617,18
8618,5
8619,2
8620,14
8621,58
8622,58
8623,19
8624,9
8625,54
8626,49
8627,57
8628,8
8629,63
8630,16
8631,4
8632,4
8633,8
8634,35
8635,33
8636,38
8637,25
8638,23
8639,11
8640,40
8641,3
8642,55
8643,17
8644,52
8645,31
8646,7
8647,32
8648,27
8649,44
8650,3
8651,52
8652,56
8653,33
8654,0
8655,3
8656,2
8657,25
8658,16
8659,33
8660,60
8661,6
8662,24
8663,19
8664,12
8665,27
8666,36
8667,65
8668,56
8669,9
8670,31
8671,23
8672,46
8673,61
8674,55
8675,17
8676,22
8677,60
8678,10
8679,4
8680,33
8681,67
8682,2
8683,64
8684,32
8685,51
8686,59
8687,40
8688,47
8689,31
8690,54
8691,24
8692,40
8693,18
8694,20
8695,1
8696,28
8697,62
8698,15
8699,15
8700,37
8701,59
8702,43
8703,7
8704,18
8705,22
8706,8
8707,50
8708,30
8709,16
8710,4
8711,19
8712,14
8713,25
8714,14
8715,7
8716,7
8717,47
8718,57
8719,35
8720,58
8721,61
8722,61
8723,12
8724,14
8725,2
8726,12
8727,48
8728,9
8729,33
8730,15
8731,58
8732,10
8733,31
8734,1
8735,49
8736,43
8737,61
8738,50
8739,20
8740,65
8741,27
8742,40
8743,35
8744,7
8745,41
8746,30
8747,16
8748,17
8749,28
8750,11
8751,39
8752,45
8753,40
8754,6
8755,49
8756,15
8757,10
8758,10
8759,22
8760,46
8761,24
8762,59
8763,11
8764,30
8765,4
8766,53
8767,48
8768,36
8769,7
8770,18
8771,8
8772,6
8773,12
8774,57
8775,20
8776,42
8777,28
8778,34
8779,18
8780,30
8781,67
8782,9
8783,37
8784,39
8785,53
8786,18
8787,49
8788,40
8789,46
8790,0
8791,2
8792,21
8793,22
8794,50
8795,22
8796,22
8797,20
8798,19
8799,0
8800,67
8801,52
8802,12
8803,21
8804,28
8805,5
8806,33
8807,13
8808,36
8809,36
8810,23
8811,4
8812,11
8813,5
8814,22
8815,42
8816,47
8817,21
8818,19
8819,45
8820,29
8821,42
8822,66
8823,23
8824,17
8825,7
8826,25
8827,19
8828,10
8829,34
8830,39
8831,54
8832,32
8833,21
8834,23
8835,22
8836,36
8837,8
8838,57
8839,26
8840,25
8841,53
8842,41
8843,6
8844,18
8845,65
8846,50
8847,31
8848,5
8849,10
8850,66
8851,6
8852,5
8853,54
8854,37
8855,33
8856,16
8857,38
8858,14
8859,45
8860,33
8861,2
8862,22
8863,68
8864,7
8865,13
8866,54
8867,3
8868,42
8869,48
8870,45
8871,35
8872,5
8873,28
8874,67
8875,30
8876,52
8877,21
8878,3
8879,0
8880,56
8881,50
8882,46
8883,8
8884,57
8885,54
8886,25
8887,21
8888,2
8889,17
8890,63
8891,40
8892,39
8893,14
8894,25
8895,29
8896,61
8897,9
8898,38
8899,14
8900,31
8901,25
8902,48
8903,64
8904,40
8905,2
8906,67
8907,27
8908,55
8909,58
8910,7
8911,54
8912,23
8913,43
8914,37
8915,4
8916,40
8917,18
8918,15
8919,52
8920,46
8921,49
8922,16
8923,28
8924,10
8925,13
8926,47
8927,44
8928,33
8929,35
8930,28
8931,23
8932,30
8933,45
8934,20
8935,49
8936,35
8937,52
8938,42
8939,20
8940,51
8941,4
8942,38
8943,33
8944,0
8945,6
8946,44
8947,6
8948,24
8949,46
8950,4
8951,30
8952,68
8953,7
8954,2
8955,0
8956,20
8957,25
8958,14
8959,21
8960,4
8961,18
8962,45
8963,6
8964,37
8965,55
8966,12
8967,62
8968,45
8969,63
8970,64
8971,36
8972,46
8973,13
8974,10
8975,35
8976,56
8977,58
8978,58
8979,30
8980,40
8981,30
8982,0
8983,0
8984,24
8985,19
8986,11
8987,24
8988,13
8989,9
8990,68
8991,0
8992,14
8993,47
8994,64
8995,10
8996,9
8997,41
8998,38
8999,45
9000,14
9001,25
9002,1
9003,52
9004,18
9005,41
9006,67
9007,27
9008,37
9009,50
9010,21
9011,36
9012,23
9013,32
9014,56
9015,1
9016,44
9017,59
9018,6
9019,46
9020,21
9021,0
9022,58
9023,19
9024,33
9025,4
9026,22
9027,16
9028,22
9029,16
9030,9
9031,40
9032,14
9033,43
9034,9
9035,46
9036,48
9037,37
9038,8
9039,15
9040,25
9041,56
9042,18
9043,51
9044,8
9045,4
9046,58
9047,14
9048,10
9049,34
9050,39
9051,54
9052,7
9053,35
9054,29
9055,55
9056,16
9057,31
9058,41
9059,17
9060,47
9061,18
9062,27
9063,60
9064,23
9065,36
9066,2
9067,0
9068,30
9069,11
9070,25
9071,40
9072,19
9073,6
9074,19
9075,29
9076,9
9077,57
9078,12
9079,13
9080,40
9081,14
9082,16
9083,36
9084,47
9085,21
9086,6
9087,61
9088,48
9089,57
9090,32
9091,48
9092,51
9093,27
9094,27
9095,1
9096,45
9097,62
9098,67
9099,54
9100,14
9101,67
9102,23
9103,18
9104,8
9105,61
9106,3
9107,44
9108,39
9109,17
9110,25
9111,41
9112,26
9113,37
9114,32
9115,15
9116,0
9117,30
9118,59
9119,26
9120,28
9121,61
9122,17
9123,13
9124,17
9125,24
9126,15
9127,7
9128,64
9129,20
9130,39
9131,34
9132,48
9133,4
9134,58
9135,11
9136,48
9137,30
9138,56
9139,15
9140,18
9141,0
9142,5
9143,16
9144,25
9145,61
9146,13
9147,2
9148,1
9149,50
9150,37
9151,5
9152,12
9153,66
9154,37
9155,23
9156,50
9157,28
9158,44
9159,0
9160,46
9161,14
9162,17
9163,8
9164,0
9165,13
9166,7
9167,32
9168,44
9169,13
9170,2
9171,29
9172,39
9173,34
9174,29
9175,38
9176,11
9177,9
9178,36
9179,43
9180,57
9181,17
9182,1
9183,16
9184,28
9185,4
9186,17
9187,14
9188,53
9189,42
9190,0
9191,58
9192,9
9193,30
9194,30
9195,3
9196,63
9197,0
9198,25
9199,17
9200,62
9201,59
9202,14
9203,0
9204,20
9205,8
9206,13
9207,23
9208,20
9209,55
9210,6
9211,4
9212,30
9213,39
9214,2
9215,36
9216,29
9217,51
9218,28
9219,50
9220,48
9221,60
9222,0
9223,27
9224,25
9225,27
9226,38
9227,50
9228,26
9229,16
9230,25
9231,23
9232,29
9233,43
9234,18
9235,25
9236,38
9237,3
9238,42
9239,10
9240,12
9241,40
9242,0
9243,59
9244,13
9245,9
9246,34
9247,13
9248,38
9249,16
9250,2
9251,0
9252,62
9253,41
9254,42
9255,51
9256,30
9257,17
9258,0
9259,0
9260,16
9261,44
9262,7
9263,10
9264,34
9265,15
9266,25
9267,34
9268,31
9269,58
9270,34
9271,49
9272,18
9273,7
9274,35
9275,3
9276,1
9277,20
9278,42
9279,30
9280,41
9281,35
9282,55
9283,30
9284,11
9285,11
9286,3
9287,23
9288,15
9289,48
9290,50
9291,31
9292,67
9293,12
9294,16
9295,41
9296,19
9297,32
9298,61
9299,7
9300,20
9301,6
9302,3
9303,1
9304,67
9305,3
9306,5
9307,34
9308,18
9309,55
9310,61
9311,31
9312,31
9313,16
9314,2
9315,41
9316,56
9317,3
9318,0
9319,3
9320,14
9321,2
9322,21
9323,22
9324,1
9325,47
9326,15
9327,1
9328,4
9329,8
9330,0
9331,47
9332,39
9333,61
9334,51
9335,20
9336,18
9337,53
9338,10
9339,7
9340,23
9341,26
9342,17
9343,34
9344,35
9345,46
9346,26
9347,20
9348,0
9349,32
9350,37
9351,39
9352,23
9353,44
9354,34
9355,45
9356,5
9357,9
9358,18
9359,0
9360,39
9361,0
9362,48
9363,36
9364,32
9365,33
9366,63
9367,22
9368,49
9369,38
9370,21
9371,33
9372,12
9373,21
9374,55
9375,6
9376,14
9377,28
9378,34
9379,48
9380,47
9381,48
9382,9
9383,3
9384,24
9385,56
9386,8
9387,19
9388,21
9389,34
9390,17
9391,1
9392,3
9393,30
9394,58
9395,21
9396,12
9397,63
9398,39
9399,32
9400,14
9401,36
9402,47
9403,32
9404,22
9405,54
9406,55
9407,61
9408,53
9409,65
9410,3
9411,32
9412,1
9413,8
9414,45
9415,50
9416,14
9417,45
9418,23
9419,0
9420,57
9421,5
9422,40
9423,56
9424,8
9425,9
9426,38
9427,15
9428,29
9429,11
9430,34
9431,7
9432,26
9433,20
9434,67
9435,4
9436,42
9437,28
9438,27
9439,21
9440,62
9441,59
9442,5
9443,40
9444,10
9445,17
9446,32
9447,18
9448,3
9449,6
9450,15
9451,13
9452,22
9453,55
9454,14
9455,61
9456,17
9457,50
9458,10
9459,50
9460,39
9461,34
9462,41
9463,26
9464,4
9465,56
9466,47
9467,55
9468,19
9469,52
9470,24
9471,15
9472,27
9473,23
9474,21
9475,36
9476,2
9477,0
9478,5
9479,40
9480,66
9481,35
9482,55
9483,38
9484,62
9485,63
9486,2
9487,40
9488,62
9489,29
9490,12
9491,22
9492,58
9493,25
9494,25
9495,31
9496,11
9497,31
9498,37
9499,31
9500,7
9501,7
9502,52
9503,65
9504,50
9505,26
9506,15
9507,55
9508,44
9509,50
9510,7
9511,38
9512,25
9513,34
9514,50
9515,24
9516,53
9517,14
9518,55
9519,49
9520,3
9521,0
9522,39
9523,47
9524,28
9525,52
9526,35
9527,40
9528,33
9529,34
9530,2
9531,41
9532,61
9533,65
9534,59
9535,19
9536,31
9537,48
9538,27
9539,51
9540,12
9541,9
9542,10
9543,47
9544,33
9545,17
9546,22
9547,43
9548,18
9549,38
9550,36
9551,62
9552,12
9553,59
9554,20
9555,1
9556,58
9557,15
9558,23
9559,39
9560,49
9561,27
9562,27
9563,38
9564,44
9565,26
9566,54
9567,61
9568,22
9569,5
9570,52
9571,21
9572,59
9573,52
9574,43
9575,26
9576,39
9577,23
9578,25
9579,50
9580,42
9581,45
9582,65
9583,66
9584,25
9585,43
9586,32
9587,15
9588,49
9589,26
9590,42
9591,10
9592,21
9593,1
9594,27
9595,2
9596,55
9597,4
9598,39
9599,26
9600,0
9601,49
9602,55
9603,10
9604,59
9605,39
9606,52
9607,8
9608,48
9609,57
9610,11
9611,9
9612,27
9613,6
9614,5
9615,19
9616,28
9617,6
9618,9
9619,56
9620,9
9621,9
9622,1
9623,20
9624,19
9625,27
9626,29
9627,61
9628,57
9629,3
9630,7
9631,45
9632,23
9633,61
9634,48
9635,30
9636,30
9637,16
9638,18
9639,17
9640,41
9641,39
9642,27
9643,23
9644,19
9645,31
9646,31
9647,0
9648,31
9649,9
9650,35
9651,27
9652,17
9653,51
9654,52
9655,37
9656,57
9657,9
9658,34
9659,38
9660,24
9661,41
9662,48
9663,67
9664,0
9665,36
9666,16
9667,61
9668,15
9669,52
9670,16
9671,35
9672,64
9673,64
9674,33
9675,32
9676,16
9677,5
9678,10
9679,62
9680,40
9681,16
9682,42
9683,38
9684,51
9685,30
9686,64
9687,32
9688,1
9689,10
9690,20
9691,23
9692,1
9693,25
9694,5
9695,52
9696,27
9697,25
9698,21
9699,12
9700,15
9701,67
9702,19
9703,9
9704,32
9705,23
9706,40
9707,67
9708,48
9709,18
9710,35
9711,4
9712,48
9713,0
9714,29
9715,61
9716,1
9717,14
9718,3
9719,28
9720,44
9721,55
9722,34
9723,50
9724,45
9725,34
9726,1
9727,27
9728,35
9729,45
9730,64
9731,61
9732,46
9733,33
9734,19
9735,40
9736,0
9737,63
9738,21
9739,25
9740,14
9741,12
9742,38
9743,64
9744,11
9745,67
9746,16
9747,39
9748,35
9749,31
9750,46
9751,51
9752,25
9753,11
9754,47
9755,0
9756,11
9757,45
9758,0
9759,46
9760,45
9761,22
9762,38
9763,59
9764,13
9765,66
9766,7
9767,6
9768,3
9769,17
9770,3
9771,42
9772,24
9773,24
9774,25
9775,31
9776,19
9777,7
9778,36
9779,17
9780,46
9781,7
9782,47
9783,46
9784,65
9785,2
9786,62
9787,36
9788,54
9789,21
9790,44
9791,28
9792,50
9793,13
9794,7
9795,18
9796,2
9797,14
9798,50
9799,31
9800,63
9801,29
9802,31
9803,41
9804,33
9805,9
9806,9
9807,6
9808,50
9809,34
9810,44
9811,32
9812,50
9813,29
9814,52
9815,42
9816,31
9817,0
9818,0
9819,55
9820,37
9821,30
9822,30
9823,6
9824,2
9825,32
9826,35
9827,31
9828,49
9829,16
9830,45
9831,13
9832,45
9833,17
9834,12
9835,35
9836,20
9837,27
9838,31
9839,45
9840,13
9841,1
9842,22
9843,62
9844,11
9845,30
9846,6
9847,20
9848,7
9849,49
9850,22
9851,2
9852,55
9853,45
9854,33
9855,40
9856,32
9857,7
9858,1
9859,11
9860,13
9861,3
9862,40
9863,11
9864,34
9865,41
9866,40
9867,32
9868,35
9869,18
9870,5
9871,9
9872,4
9873,28
9874,13
9875,26
9876,19
9877,38
9878,30
9879,2
9880,5
9881,22
9882,44
9883,13
9884,1
9885,6
9886,38
9887,61
9888,34
9889,65
9890,0
9891,0
9892,11
9893,6
9894,34
9895,21
9896,47
9897,43
9898,7
9899,14
9900,12
9901,0
9902,0
9903,56
9904,55
9905,4
9906,0
9907,60
9908,62
9909,21
9910,66
9911,10
9912,50
9913,21
9914,8
9915,17
9916,39
9917,21
9918,6
9919,10
9920,50
9921,17
9922,3
9923,0
9924,8
9925,3
9926,12
9927,24
9928,42
9929,58
9930,24
9931,6
9932,11
9933,7
9934,42
9935,49
9936,53
9937,3
9938,12
9939,43
9940,7
9941,37
9942,50
9943,37
9944,20
9945,53
9946,5
9947,21
9948,26
9949,9
9950,60
9951,31
9952,54
9953,2
9954,44
9955,9
9956,22
9957,33
9958,56
9959,26
9960,35
9961,12
9962,13
9963,0
9964,60
9965,12
9966,20
9967,34
9968,23
9969,2
9970,42
9971,18
9972,67
9973,43
9974,54
9975,9
9976,35
9977,28
9978,14
9979,20
9980,35
9981,52
9982,30
9983,55
9984,15
9985,61
9986,41
9987,45
9988,20
9989,51
9990,43
9991,17
9992,1
9993,7
9994,37
9995,60
9996,2
9997,3
9998,50
9999,65
10000,58
10001,27
10002,21
10003,18
10004,25
10005,21
10006,2
10007,5
10008,41
10009,31
10010,46
10011,4
10012,33
10013,31
10014,30
10015,10
10016,20
10017,0
10018,62
10019,41
10020,32
10021,14
10022,10
10023,4
10024,32
10025,14
10026,8
10027,60
10028,19
10029,15
10030,32
10031,39
10032,38
10033,33
10034,2
10035,52
10036,9
10037,50
10038,42
10039,15
10040,15
10041,0
10042,11
10043,39
10044,5
10045,56
10046,65
10047,27
10048,46
10049,27
10050,44
10051,19
10052,52
10053,30
10054,49
10055,37
10056,2
10057,41
10058,37
10059,61
10060,9
10061,66
10062,37
10063,50
10064,28
10065,68
10066,47
10067,35
10068,26
10069,27
10070,15
10071,14
10072,2
10073,55
10074,12
10075,34
10076,11
10077,2
10078,16
10079,51
10080,14
10081,45
10082,53
10083,7
10084,6
10085,50
10086,31
10087,11
10088,10
10089,44
10090,11
10091,28
10092,37
10093,6
10094,40
10095,13
10096,42
10097,67
10098,26
10099,27
10100,65
10101,33
10102,13
10103,18
10104,0
10105,22
10106,66
10107,53
10108,33
10109,24
10110,22
10111,48
10112,37
10113,28
10114,59
10115,15
10116,38
10117,48
10118,61
10119,2
10120,66
10121,16
10122,3
10123,3
10124,53
10125,3
10126,13
10127,2
10128,39
10129,48
10130,4
10131,0
10132,0
10133,58
10134,35
10135,61
10136,19
10137,33
10138,59
10139,25
10140,36
10141,14
10142,22
10143,34
10144,17
10145,7
10146,7
10147,3
10148,12
10149,12
10150,50
10151,13
10152,15
10153,27
10154,22
10155,41
10156,7
10157,37
10158,14
10159,51
10160,37
10161,39
10162,47
10163,9
10164,33
10165,37
10166,28
10167,39
10168,19
10169,44
10170,66
10171,8
10172,37
10173,27
10174,25
10175,56
10176,11
10177,5
10178,37
10179,47
10180,31
10181,46
10182,5
10183,7
10184,46
10185,30
10186,67
10187,0
10188,19
10189,27
10190,62
10191,12
10192,0
10193,0
10194,21
10195,8
10196,49
10197,37
10198,20
10199,39
10200,40
10201,22
10202,50
10203,16
10204,56
10205,4
10206,1
10207,30
10208,2
10209,57
10210,32
10211,6
10212,0
10213,0
10214,58
10215,34
10216,68
10217,31
10218,56
10219,36
10220,19
10221,22
10222,35
10223,42
10224,49
10225,6
10226,36
10227,15
10228,29
10229,12
10230,8
10231,49
10232,57
10233,17
10234,0
10235,29
10236,32
10237,28
10238,29
10239,19
10240,22
10241,50
10242,5
10243,53
10244,16
10245,5
10246,49
10247,53
10248,22
10249,14
10250,59
10251,27
10252,38
10253,24
10254,51
10255,59
10256,52
10257,61
10258,23
10259,26
10260,58
10261,25
10262,43
10263,1
10264,56
10265,37
10266,18
10267,3
10268,57
10269,37
10270,8
10271,44
10272,11
10273,8
10274,7
10275,1
10276,36
10277,45
10278,13
10279,20
10280,57
10281,39
10282,33
10283,13
10284,29
10285,22
10286,51
10287,34
10288,23
10289,28
10290,6
10291,32
10292,59
10293,36
10294,40
10295,57
10296,38
10297,25
10298,17
10299,59
10300,24
10301,47
10302,55
10303,64
10304,59
10305,9
10306,64
10307,14
10308,47
10309,37
10310,54
10311,47
10312,36
10313,40
10314,56
10315,6
10316,38
10317,0
10318,8
10319,57
10320,32
10321,2
10322,12
10323,0
10324,11
10325,24
10326,29
10327,38
10328,46
10329,11
10330,60
10331,22
10332,41
10333,21
10334,63
10335,17
10336,14
10337,59
10338,2
10339,19
10340,40
10341,21
10342,9
10343,51
10344,45
10345,64
10346,16
10347,28
10348,2
10349,35
10350,10
10351,2
10352,51
10353,21
10354,33
10355,52
10356,44
10357,26
10358,58
10359,7
10360,5
10361,51
10362,13
10363,18
10364,57
10365,57
10366,12
10367,30
10368,25
10369,13
10370,19
10371,66
10372,35
10373,28
10374,24
10375,18
10376,44
10377,40
10378,41
10379,55
10380,60
10381,60
10382,8
10383,53
10384,13
10385,10
10386,0
10387,7
10388,55
10389,16
10390,22
10391,4
10392,2
10393,14
10394,29
10395,23
10396,65
10397,17
10398,18
10399,31
10400,29
10401,14
10402,1
10403,14
10404,28
10405,52
10406,52
10407,5
10408,20
10409,19
10410,36
10411,67
10412,0
10413,13
10414,30
10415,15
10416,11
10417,8
10418,13
10419,7
10420,7
10421,30
10422,57
10423,1
10424,43
10425,17
10426,64
10427,6
10428,3
10429,30
10430,28
10431,13
10432,40
10433,1
10434,53
10435,25
10436,0
10437,6
10438,62
10439,15
10440,66
10441,6
10442,4
10443,47
10444,8
10445,11
10446,29
10447,52
10448,42
10449,19
10450,31
10451,63
10452,1
10453,3
10454,61
10455,58
10456,20
10457,22
10458,6
10459,25
10460,37
10461,11
10462,4
10463,8
10464,42
10465,0
10466,0
10467,0
10468,63
10469,18
10470,8
10471,53
10472,12
10473,50
10474,19
10475,35
10476,0
10477,9
10478,6
10479,52
10480,5
10481,17
10482,18
10483,67
10484,59
10485,19
10486,31
10487,58
10488,55
10489,56
10490,7
10491,31
10492,24
10493,66
10494,58
10495,32
10496,32
10497,67
10498,48
10499,65
10500,3
10501,21
10502,17
10503,20
10504,49
10505,0
10506,0
10507,62
10508,14
10509,10
10510,59
10511,0
10512,24
10513,13
10514,3
10515,54
10516,49
10517,23
10518,11
10519,43
10520,38
10521,39
10522,22
10523,66
10524,7
10525,17
10526,24
10527,52
10528,52
10529,21
10530,20
10531,46
10532,18
10533,28
10534,34
10535,25
10536,17
10537,19
10538,33
10539,41
10540,10
10541,6
10542,13
10543,0
10544,58
10545,27
10546,42
10547,32
10548,23
10549,7
10550,2
10551,38
10552,43
10553,59
10554,0
10555,8
10556,43
10557,7
10558,0
10559,53
10560,37
10561,30
10562,24
10563,2
10564,19
10565,25
10566,65
10567,15
10568,32
10569,12
10570,43
10571,57
10572,59
10573,54
10574,44
10575,38
10576,20
10577,37
10578,51
10579,65
10580,3
10581,32
10582,10
10583,16
10584,34
10585,14
10586,15
10587,62
10588,44
10589,15
10590,6
10591,0
10592,10
10593,20
10594,8
10595,61
10596,59
10597,15
10598,21
10599,31
10600,55
10601,6
10602,26
10603,18
10604,48
10605,9
10606,33
10607,31
10608,25
10609,67
10610,22
10611,40
10612,6
10613,50
10614,50
10615,55
10616,0
10617,7
10618,7
10619,1
10620,40
10621,34
10622,7
10623,23
10624,34
10625,21
10626,23
10627,40
10628,25
10629,66
10630,33
10631,7
10632,12
10633,40
10634,10
10635,38
10636,31
10637,21
10638,24
10639,25
10640,19
10641,9
10642,62
10643,35
10644,1
10645,50
10646,39
10647,58
10648,32
10649,49
10650,55
10651,52
10652,55
10653,52
10654,48
10655,15
10656,12
10657,21
10658,8
10659,28
10660,15
10661,8
10662,37
10663,36
10664,53
10665,32
10666,14
10667,17
10668,0
10669,12
10670,41
10671,60
10672,58
10673,12
10674,13
10675,26
10676,18
10677,16
10678,56
10679,39
10680,30
10681,68
10682,36
10683,61
10684,23
10685,33
10686,31
10687,64
10688,39
10689,31
10690,0
10691,45
10692,51
10693,25
10694,13
10695,6
10696,7
10697,14
10698,21
10699,31
10700,50
10701,11
10702,35
10703,31
10704,33
10705,5
10706,53
10707,46
10708,41
10709,53
10710,31
10711,17
10712,14
10713,10
10714,7
10715,47
10716,0
10717,17
10718,50
10719,15
10720,66
10721,65
10722,51
10723,24
10724,20
10725,38
10726,41
10727,62
10728,7
10729,27
10730,2
10731,50
10732,38
10733,58
10734,53
10735,30
10736,2
10737,66
10738,0
10739,0
10740,55
10741,29
10742,17
10743,26
10744,26
10745,55
10746,36
10747,43
10748,30
10749,13
10750,52
10751,45
10752,51
10753,8
10754,29
10755,26
10756,34
10757,46
10758,23
10759,27
10760,19
10761,17
10762,12
10763,7
10764,44
10765,12
10766,54
10767,1
10768,20
10769,38
10770,22
10771,14
10772,28
10773,53
10774,40
10775,21
10776,14
10777,15
10778,39
10779,48
10780,26
10781,12
10782,46
10783,10
10784,34
10785,9
10786,21
10787,49
10788,13
10789,20
10790,43
10791,13
10792,47
10793,58
10794,42
10795,18
10796,24
10797,11
10798,7
10799,8
10800,6
10801,11
10802,9
10803,39
10804,41
10805,31
10806,28
10807,59
10808,9
10809,65
10810,23
10811,29
10812,11
10813,7
10814,29
10815,46
10816,19
10817,61
10818,44
10819,32
10820,53
10821,0
10822,0
10823,56
10824,9
10825,33
10826,19
10827,13
10828,46
10829,36
10830,52
10831,29
10832,61
10833,53
10834,36
10835,30
10836,0
10837,12
10838,11
10839,10
10840,3
10841,0
10842,43
10843,7
10844,58
10845,14
10846,20
10847,52
10848,33
10849,49
10850,11
10851,30
10852,37
10853,41
10854,26
10855,32
10856,57
10857,14
10858,58
10859,18
10860,1
10861,2
10862,12
10863,35
10864,50
10865,3
10866,64
10867,12
10868,30
10869,8
10870,10
10871,14
10872,20
10873,34
10874,3
10875,38
10876,10
10877,13
10878,3
10879,28
10880,0
10881,30
10882,21
10883,48
10884,12
10885,3
10886,38
10887,2
10888,34
10889,5
10890,0
10891,20
10892,64
10893,7
10894,9
10895,20
10896,8
10897,21
10898,4
10899,1
10900,37
10901,31
10902,62
10903,16
10904,18
10905,18
10906,47
10907,33
10908,46
10909,34
10910,26
10911,56
10912,51
10913,24
10914,41
10915,10
10916,1
10917,30
10918,2
10919,15
10920,62
10921,66
10922,21
10923,3
10924,46
10925,51
10926,11
10927,1
10928,28
10929,15
10930,8
10931,24
10932,2
10933,19
10934,56
10935,0
10936,46
10937,8
10938,26
10939,42
10940,21
10941,29
10942,16
10943,8
10944,0
10945,34
10946,34
10947,7
10948,38
10949,36
10950,0
10951,59
10952,40
10953,10
10954,7
10955,50
10956,14
10957,49
10958,59
10959,31
10960,11
10961,40
10962,25
10963,12
10964,27
10965,7
10966,39
10967,65
10968,36
10969,44
10970,33
10971,24
10972,48
10973,21
10974,43
10975,27
10976,19
10977,9
10978,50
10979,66
10980,37
10981,29
10982,21
10983,27
10984,6
10985,46
10986,41
10987,8
10988,17
10989,38
10990,24
10991,14
10992,2
10993,1
10994,22
10995,48
10996,48
10997,34
10998,10
10999,20
11000,42
11001,38
11002,8
11003,23
11004,36
11005,44
11006,18
11007,30
11008,44
11009,67
11010,35
11011,42
11012,0
11013,40
11014,41
11015,11
11016,50
11017,17
11018,28
11019,11
11020,0
11021,49
11022,2
11023,52
11024,46
11025,22
11026,1
11027,39
11028,42
11029,56
11030,11
11031,1
11032,28
11033,34
11034,7
11035,3
11036,29
11037,0
11038,46
11039,63
11040,7
11041,62
11042,13
11043,2
11044,22
11045,62
11046,38
11047,31
11048,6
11049,4
11050,56
11051,38
11052,14
11053,0
11054,19
11055,54
11056,2
11057,48
11058,56
11059,50
11060,8
11061,14
11062,2
11063,32
11064,60
11065,34
11066,19
11067,52
11068,16
11069,23
11070,33
11071,50
11072,4
11073,8
11074,12
11075,51
11076,60
11077,14
11078,7
11079,6
11080,24
11081,15
11082,0
11083,43
11084,17
11085,44
11086,2
11087,19
11088,35
11089,59
11090,27
11091,28
11092,23
11093,46
11094,17
11095,40
11096,1
11097,25
11098,12
11099,19
11100,15
11101,47
11102,40
11103,3
11104,0
11105,50
11106,21
11107,37
11108,61
11109,47
11110,60
11111,4
11112,16
11113,50
11114,48
11115,29
11116,52
11117,17
11118,63
11119,40
11120,5
11121,8
11122,56
11123,13
11124,29
11125,5
11126,61
11127,12
11128,49
11129,12
11130,37
11131,9
11132,61
11133,50
11134,7
11135,12
11136,6
11137,14
11138,10
11139,5
11140,38
11141,39
11142,25
11143,48
11144,44
11145,21
11146,60
11147,5
11148,46
11149,46
11150,27
11151,23
11152,12
11153,18
11154,43
11155,16
11156,13
11157,6
11158,34
11159,39
11160,1
11161,23
11162,7
11163,60
11164,28
11165,8
11166,0
11167,32
11168,36
11169,23
11170,16
11171,65
11172,35
11173,7
11174,14
11175,17
11176,15
11177,34
11178,50
11179,26
11180,17
11181,59
11182,44
11183,31
11184,32
11185,60
11186,43
11187,54
11188,44
11189,8
11190,27
11191,60
11192,2
11193,1
11194,1
11195,9
11196,3
11197,24
11198,51
11199,41
11200,8
11201,7
11202,6
11203,1
11204,14
11205,32
11206,6
11207,20
11208,45
11209,46
11210,39
11211,0
11212,12
11213,18
11214,33
11215,27
11216,7
11217,23
11218,0
11219,0
11220,13
11221,23
11222,51
11223,45
11224,35
11225,35
11226,4
11227,32
11228,41
11229,66
11230,37
11231,36
11232,6
11233,37
11234,47
11235,35
11236,11
11237,32
11238,51
11239,6
11240,67
11241,38
11242,48
11243,29
11244,14
11245,31
11246,21
11247,23
11248,34
11249,15
11250,13
11251,2
11252,49
11253,6
11254,12
11255,21
11256,58
11257,18
11258,29
11259,14
11260,26
11261,33
11262,42
11263,32
11264,11
11265,5
11266,7
11267,36
11268,6
11269,0
11270,6
11271,20
11272,61
11273,59
11274,29
11275,22
11276,3
11277,20
11278,25
11279,39
11280,28
11281,2
11282,22
11283,52
11284,35
11285,29
11286,19
11287,10
11288,18
11289,36
11290,14
11291,46
11292,14
11293,9
11294,6
11295,18
11296,30
11297,29
11298,48
11299,34
11300,15
11301,37
11302,51
11303,23
11304,0
11305,26
11306,16
11307,8
11308,36
11309,37
11310,10
11311,13
11312,60
11313,29
11314,17
11315,37
11316,54
11317,47
11318,40
11319,57
11320,62
11321,21
11322,38
11323,24
11324,57
11325,65
11326,10
11327,30
11328,48
11329,7
11330,45
11331,5
11332,57
11333,30
11334,13
11335,67
11336,3
11337,55
11338,16
11339,8
11340,30
11341,0
11342,28
11343,16
11344,55
11345,51
11346,52
11347,36
11348,9
11349,51
11350,7
11351,64
11352,27
11353,1
11354,39
11355,42
11356,7
11357,18
11358,51
11359,5
11360,58
11361,4
11362,10
11363,48
11364,9
11365,10
11366,18
11367,23
11368,27
11369,12
11370,10
11371,26
11372,14
11373,11
11374,30
11375,36
11376,18
11377,0
11378,40
11379,12
11380,23
11381,37
11382,24
11383,21
11384,61
11385,12
11386,23
11387,28
11388,17
11389,0
11390,25
11391,12
11392,14
11393,44
11394,17
11395,21
11396,59
11397,41
11398,41
11399,16
11400,26
11401,16
11402,33
11403,37
11404,46
11405,46
11406,23
11407,33
11408,20
11409,16
11410,45
11411,1
11412,47
11413,0
11414,38
11415,55
11416,40
11417,32
11418,23
11419,50
11420,16
11421,11
11422,11
11423,6
11424,10
11425,7
11426,49
11427,47
11428,2
11429,30
11430,10
11431,31
11432,27
11433,51
11434,53
11435,47
11436,3
11437,27
11438,39
11439,17
11440,0
11441,20
11442,62
11443,39
11444,26
11445,19
11446,44
11447,57
11448,56
11449,33
11450,33
11451,64
11452,18
11453,23
11454,22
11455,3
11456,16
11457,9
11458,17
11459,38
11460,60
11461,38
11462,55
11463,32
11464,37
11465,42
11466,4
11467,7
11468,12
11469,39
11470,42
11471,29
11472,30
11473,5
11474,58
11475,7
11476,29
11477,40
11478,30
11479,58
11480,19
11481,64
11482,51
11483,59
11484,22
11485,66
11486,3
11487,17
11488,49
11489,43
11490,64
11491,25
11492,19
11493,19
11494,13
11495,9
11496,20
11497,37
11498,57
11499,47
11500,29
11501,32
11502,20
11503,43
11504,7
11505,2
11506,9
11507,41
11508,30
11509,26
11510,5
11511,10
11512,8
11513,7
11514,56
11515,17
11516,15
11517,38
11518,16
11519,59
11520,35
11521,55
11522,63
11523,35
11524,47
11525,59
11526,45
11527,35
11528,17
11529,54
11530,32
11531,0
11532,42
11533,16
11534,15
11535,53
11536,49
11537,62
11538,8
11539,64
11540,2
11541,21
11542,54
11543,10
11544,47
11545,50
11546,26
11547,22
11548,4
11549,0
11550,11
11551,44
11552,45
11553,21
11554,0
11555,16
11556,35
11557,33
11558,48
11559,6
11560,57
11561,17
11562,18
11563,15
11564,61
11565,44
11566,53
11567,5
11568,42
11569,7
11570,19
11571,35
11572,48
11573,9
11574,35
11575,33
11576,61
11577,29
11578,46
11579,53
11580,15
11581,55
11582,8
11583,12
11584,32
11585,10
11586,12
11587,1
11588,14
11589,23
11590,18
11591,17
11592,10
11593,12
11594,25
11595,47
11596,22
11597,33
11598,3
11599,27
11600,3
11601,56
11602,30
11603,20
11604,54
11605,8
11606,7
11607,29
11608,31
11609,13
11610,4
11611,66
11612,32
11613,10
11614,3
11615,48
11616,0
11617,51
11618,14
11619,11
11620,1
11621,42
11622,6
11623,6
11624,10
11625,14
11626,23
11627,9
11628,36
11629,54
11630,18
11631,8
11632,33
11633,30
11634,6
11635,28
11636,67
11637,16
11638,44
11639,6
11640,11
11641,4
11642,43
11643,20
11644,3
11645,36
11646,17
11647,4
11648,21
11649,38
11650,39
11651,30
11652,56
11653,63
11654,49
11655,40
11656,14
11657,37
11658,4
11659,34
11660,11
11661,6
11662,36
11663,35
11664,61
11665,55
11666,15
11667,10
11668,51
11669,23
11670,13
11671,54
11672,21
11673,31
11674,12
11675,37
11676,24
11677,17
11678,58
11679,17
11680,41
11681,4
11682,52
11683,19
11684,10
11685,50
11686,39
11687,6
11688,32
11689,62
11690,3
11691,45
11692,10
11693,39
11694,32
11695,7
11696,23
11697,32
11698,23
11699,7
11700,19
11701,51
11702,16
11703,15
11704,54
11705,2
11706,11
11707,29
11708,52
11709,54
11710,28
11711,35
11712,20
11713,46
11714,43
11715,54
11716,28
11717,5
11718,51
11719,28
11720,50
11721,56
11722,11
11723,1
11724,29
11725,32
11726,37
11727,27
11728,57
11729,3
11730,13
11731,56
11732,52
11733,1
11734,24
11735,45
11736,26
11737,38
11738,11
11739,13
11740,2
11741,32
11742,9
11743,14
11744,63
11745,16
11746,4
11747,52
11748,34
11749,23
11750,20
11751,0
11752,67
11753,0
11754,9
11755,31
11756,16
11757,4
11758,9
11759,17
11760,50
11761,0
11762,30
11763,65
11764,30
11765,16
11766,66
11767,55
11768,47
11769,54
11770,53
11771,14
11772,5
11773,22
11774,3
11775,18
11776,32
11777,21
11778,7
11779,19
11780,1
11781,18
11782,15
11783,23
11784,14
11785,31
11786,41
11787,57
11788,22
11789,30
11790,6
11791,10
11792,26
11793,0
11794,37
11795,20
11796,30
11797,0
11798,34
11799,17
11800,36
11801,42
11802,4
11803,54
11804,49
11805,0
11806,45
11807,64
11808,28
11809,13
11810,48
11811,8
11812,13
11813,19
11814,45
11815,56
11816,52
11817,48
11818,12
11819,2
11820,14
11821,51
11822,22
11823,30
11824,0
11825,0
11826,8
11827,42
11828,4
11829,10
11830,21
11831,46
11832,6
11833,45
11834,21
11835,9
11836,12
11837,4
11838,50
11839,15
11840,62
11841,29
11842,41
11843,67
11844,10
11845,23
11846,0
11847,26
11848,24
11849,53
11850,12
11851,19
11852,42
11853,29
11854,54
11855,4
11856,3
11857,13
11858,0
11859,15
11860,47
11861,18
11862,14
11863,41
11864,1
11865,27
11866,25
11867,0
11868,44
11869,0
11870,63
11871,31
11872,16
11873,31
11874,40
11875,60
11876,62
11877,42
11878,26
11879,12
11880,5
11881,45
11882,24
11883,5
11884,19
11885,9
11886,24
11887,13
11888,6
11889,10
11890,47
11891,60
11892,64
11893,22
11894,59
11895,36
11896,10
11897,48
11898,48
11899,20
11900,15
11901,59
11902,46
11903,20
11904,22
11905,56
11906,53
11907,47
11908,50
11909,53
11910,54
11911,48
11912,28
11913,58
11914,0
11915,5
11916,60
11917,15
11918,3
11919,46
11920,48
11921,19
11922,64
11923,1
11924,4
11925,0
11926,53
11927,55
11928,18
11929,46
11930,18
11931,37
11932,60
11933,45
11934,25
11935,10
11936,2
11937,50
11938,16
11939,24
11940,31
11941,21
11942,14
11943,35
11944,32
11945,17
11946,28
11947,25
11948,65
11949,9
11950,43
11951,64
11952,13
11953,44
11954,5
11955,6
11956,18
11957,12
11958,0
11959,30
11960,16
11961,16
11962,54
11963,19
11964,56
11965,15
11966,22
11967,46
11968,51
11969,3
11970,5
11971,13
11972,51
11973,26
11974,15
11975,37
11976,27
11977,43
11978,23
11979,20
11980,56
11981,14
11982,48
11983,42
11984,23
11985,17
11986,64
11987,49
11988,11
11989,8
11990,0
11991,0
11992,3
11993,20
11994,33
11995,50
11996,56
11997,0
11998,61
11999,3
12000,66
12001,60
12002,6
12003,10
12004,33
12005,47
12006,21
12007,48
12008,11
12009,61
12010,16
12011,14
12012,50
12013,4
12014,41
12015,44
12016,25
12017,36
12018,48
12019,0
12020,8
12021,61
12022,34
12023,51
12024,51
12025,17
12026,59
12027,50
12028,0
12029,58
12030,7
12031,14
12032,41
12033,62
12034,54
12035,54
12036,58
12037,42
12038,49
12039,7
12040,61
12041,47
12042,21
12043,5
12044,27
12045,49
12046,46
12047,36
12048,36
12049,52
12050,39
12051,16
12052,36
12053,32
12054,44
12055,37
12056,15
12057,21
12058,52
12059,50
12060,42
12061,4
12062,15
12063,53
12064,31
12065,51
12066,8
12067,51
12068,41
12069,22
12070,53
12071,33
12072,4
12073,3
12074,49
12075,0
12076,41
12077,33
12078,47
12079,62
12080,25
12081,41
12082,21
12083,36
12084,6
12085,6
12086,4
12087,60
12088,33
12089,10
12090,46
12091,53
12092,66
12093,15
12094,0
12095,39
12096,6
12097,52
12098,43
12099,60
12100,19
12101,6
12102,45
12103,10
12104,21
12105,36
12106,10
12107,33
12108,11
12109,50
12110,28
12111,36
12112,52
12113,15
12114,40
12115,17
12116,28
12117,43
12118,2
12119,37
12120,39
12121,27
12122,48
12123,43
12124,9
12125,17
12126,18
12127,3
12128,35
12129,22
12130,9
12131,26
12132,2
12133,49
12134,48
12135,42
12136,47
12137,0
12138,22
12139,4
12140,16
12141,6
12142,62
12143,52
12144,28
12145,15
12146,56
12147,29
12148,20
12149,44
12150,7
12151,25
12152,6
12153,8
12154,42
12155,43
12156,45
12157,42
12158,33
12159,19
12160,47
12161,23
12162,57
12163,10
12164,5
12165,31
12166,1
12167,0
12168,29
12169,19
12170,42
12171,48
12172,23
12173,51
12174,12
12175,17
12176,0
12177,1
12178,24
12179,48
12180,43
12181,6
12182,54
12183,3
12184,30
12185,17
12186,6
12187,25
12188,51
12189,58
12190,8
12191,10
12192,1
12193,4
12194,9
12195,18
12196,36
12197,34
12198,0
12199,43
12200,67
12201,28
12202,18
12203,17
12204,1
12205,18
12206,12
12207,12
12208,28
12209,18
12210,1
12211,15
12212,44
12213,5
12214,17
12215,10
12216,15
12217,14
12218,0
12219,24
12220,17
12221,33
12222,28
12223,41
12224,44
12225,9
12226,2
12227,55
12228,47
12229,12
12230,36
12231,5
12232,31
12233,1
12234,55
12235,17
12236,22
12237,61
12238,55
12239,22
12240,25
12241,16
12242,42
12243,42
12244,60
12245,50
12246,57
12247,2
12248,18
12249,23
12250,32
12251,5
12252,43
12253,64
12254,11
12255,6
12256,47
12257,44
12258,41
12259,42
12260,41
12261,33
12262,53
12263,9
12264,14
12265,21
12266,45
12267,42
12268,39
12269,56
12270,11
12271,56
12272,46
12273,36
12274,0
12275,5
12276,52
12277,16
12278,40
12279,35
12280,60
12281,38
12282,57
12283,14
12284,18
12285,13
12286,17
12287,35
12288,25
12289,2
12290,65
12291,0
12292,8
12293,49
12294,22
12295,11
12296,28
12297,45
12298,11
12299,1
12300,14
12301,33
12302,12
12303,54
12304,22
12305,11
12306,2
12307,31
12308,46
12309,0
12310,10
12311,30
12312,47
12313,49
12314,1
12315,16
12316,68
12317,26
12318,57
12319,16
12320,32
12321,5
12322,27
12323,43
12324,5
12325,1
12326,60
12327,0
12328,54
12329,23
12330,48
12331,30
12332,67
12333,1
12334,8
12335,27
12336,31
12337,39
12338,62
12339,15
12340,14
12341,29
12342,21
12343,22
12344,35
12345,5
12346,6
12347,4
12348,49
12349,55
12350,18
12351,36
12352,48
12353,15
12354,22
12355,49
12356,24
12357,39
12358,22
12359,16
12360,41
12361,24
12362,60
12363,4
12364,19
12365,59
12366,59
12367,1
12368,15
12369,21
12370,52
12371,22
12372,2
12373,11
12374,22
12375,31
12376,36
12377,61
12378,29
12379,3
12380,65
12381,0
12382,26
12383,4
12384,5
12385,0
12386,58
12387,0
12388,36
12389,58
12390,1
12391,19
12392,11
12393,14
12394,57
12395,32
12396,31
12397,0
12398,6
12399,59
12400,1
12401,37
12402,18
12403,48
12404,27
12405,43
12406,3
12407,28
12408,26
12409,67
12410,36
12411,22
12412,28
12413,29
12414,32
12415,48
12416,39
12417,8
12418,46
12419,6
12420,3
12421,12
12422,51
12423,13
12424,29
12425,34
12426,9
12427,15
12428,1
12429,62
12430,29
12431,38
12432,39
12433,11
12434,35
12435,40
12436,0
12437,16
12438,9
12439,32
12440,34
12441,28
12442,46
12443,36
12444,56
12445,1
12446,52
12447,39
12448,32
12449,24
12450,5
12451,7
12452,32
12453,43
12454,68
12455,23
12456,11
12457,3
12458,0
12459,11
12460,18
12461,23
12462,0
12463,0
12464,0
12465,58
12466,51
12467,4
12468,39
12469,9
12470,39
12471,3
12472,16
12473,55
12474,40
12475,53
12476,23
12477,16
12478,53
12479,61
12480,27
12481,43
12482,45
12483,49
12484,48
12485,13
12486,56
12487,34
12488,20
12489,5
12490,4
12491,4
12492,39
12493,3
12494,55
12495,13
12496,23
12497,64
12498,63
12499,19
12500,53
12501,39
12502,36
12503,49
12504,8
12505,8
12506,43
12507,59
12508,28
12509,12
12510,67
12511,1
12512,37
12513,67
12514,51
12515,7
12516,26
12517,6
12518,5
12519,50
12520,60
12521,40
12522,25
12523,10
12524,62
12525,57
12526,5
12527,18
12528,9
12529,4
12530,47
12531,11
12532,52
12533,65
12534,34
12535,2
12536,8
12537,18
12538,40
12539,13
12540,29
12541,12
12542,22
12543,19
12544,52
12545,13
12546,22
12547,2
12548,35
12549,52
12550,50
12551,1
12552,32
12553,57
12554,14
12555,0
12556,17
12557,22
12558,41
12559,35
12560,27
12561,55
12562,8
12563,11
12564,0
12565,27
12566,26
12567,59
12568,14
12569,0
12570,15
12571,65
12572,11
12573,63
12574,3
12575,51
12576,14
12577,43
12578,2
12579,8
12580,11
12581,37
12582,59
12583,65
12584,47
12585,61
12586,58
12587,67
12588,17
12589,38
12590,36
12591,0
12592,6
12593,29
12594,28
12595,26
12596,36
12597,11
12598,19
12599,17
12600,3
12601,37
12602,30
12603,7
12604,14
12605,22
12606,16
12607,21
12608,2
12609,53
12610,35
12611,38
12612,26
12613,16
12614,25
12615,51
12616,8
12617,33
12618,35
12619,16
12620,13
12621,65
12622,9
12623,2
12624,31
12625,10
12626,24
12627,34
12628,66
12629,36
12630,4
12631,5
12632,34
12633,58
12634,35
12635,36
12636,52
12637,55
12638,28
12639,28
12640,26
12641,27
12642,14
12643,64
12644,29
12645,38
12646,1
12647,29
12648,28
12649,39
12650,59
12651,43
12652,42
12653,19
12654,3
12655,8
12656,21
12657,22
12658,42
12659,27
12660,22
12661,40
12662,32
12663,39
12664,14
12665,38
12666,33
12667,39
12668,28
12669,54
12670,49
12671,27
12672,40
12673,10
12674,30
12675,43
12676,13
12677,12
12678,24
12679,16
12680,28
12681,42
12682,14
12683,27
12684,1
12685,15
12686,7
12687,28
12688,64
12689,17
12690,35
12691,12
12692,53
12693,7
12694,3
12695,2
12696,9
12697,38
12698,61
12699,23
12700,63
12701,7
12702,31
12703,11
12704,7
12705,8
12706,16
12707,34
12708,19
12709,1
12710,58
12711,12
12712,23
12713,67
12714,14
12715,5
12716,43
12717,21
12718,18
12719,20
12720,50
12721,10
12722,47
12723,22
12724,5
12725,9
12726,32
12727,26
12728,14
12729,34
12730,7
12731,15
12732,23
12733,8
12734,16
12735,7
12736,58
12737,22
12738,27
12739,2
12740,13
12741,4
12742,25
12743,12
12744,42
12745,8
12746,52
12747,25
12748,9
12749,2
12750,47
12751,16
12752,27
12753,46
12754,17
12755,30
12756,29
12757,43
12758,57
12759,51
12760,0
12761,23
12762,60
12763,38
12764,58
12765,5
12766,51
12767,60
12768,59
12769,32
12770,3
12771,3
12772,45
12773,39
12774,56
12775,35
12776,41
12777,62
12778,63
12779,30
12780,27
12781,6
12782,47
12783,2
12784,1
12785,46
12786,49
12787,41
12788,48
12789,20
12790,39
12791,64
12792,44
12793,0
12794,7
12795,1
12796,7
12797,43
12798,44
12799,34
12800,52
12801,15
12802,59
12803,34
12804,27
12805,56
12806,10
12807,42
12808,0
12809,54
12810,16
12811,15
12812,4
12813,38
12814,31
12815,60
12816,30
12817,54
12818,40
12819,63
12820,2
12821,3
12822,37
12823,17
12824,66
12825,8
12826,6
12827,47
12828,43
12829,54
12830,39
12831,50
12832,22
12833,24
12834,49
12835,0
12836,12
12837,56
12838,42
12839,0
12840,52
12841,14
12842,38
12843,25
12844,54
12845,15
12846,19
12847,4
12848,41
12849,24
12850,1
12851,64
12852,34
12853,8
12854,3
12855,67
12856,25
12857,11
12858,44
12859,4
12860,34
12861,58
12862,60
12863,14
12864,3
12865,50
12866,5
12867,26
12868,16
12869,3
12870,2
12871,56
12872,12
12873,1
12874,4
12875,39
12876,53
12877,14
12878,0
12879,40
12880,50
12881,8
12882,45
12883,5
12884,65
12885,13
12886,30
12887,0
12888,13
12889,38
12890,20
12891,13
12892,35
12893,15
12894,41
12895,14
12896,17
12897,37
12898,11
12899,41
12900,30
12901,5
12902,25
12903,8
12904,12
12905,8
12906,36
12907,10
12908,1
12909,50
12910,23
12911,36
12912,65
12913,42
12914,17
12915,12
12916,26
12917,16
12918,15
12919,15
12920,14
12921,64
12922,1
12923,61
12924,21
12925,26
12926,44
12927,39
12928,22
12929,59
12930,16
12931,22
12932,43
12933,29
12934,31
12935,67
12936,67
12937,29
12938,27
12939,11
12940,1
12941,55
12942,18
12943,5
12944,43
12945,4
12946,59
12947,13
12948,33
12949,0
12950,3
12951,50
12952,44
12953,46
12954,28
12955,2
12956,10
12957,6
12958,7
12959,58
12960,9
12961,7
12962,0
12963,2
12964,68
12965,30
12966,37
12967,9
12968,4
12969,4
12970,39
12971,39
12972,21
12973,5
12974,0
12975,30
12976,57
12977,47
12978,40
12979,23
12980,33
12981,62
12982,4
12983,13
12984,27
12985,24
12986,22
12987,36
12988,10
12989,66
12990,24
12991,61
12992,51
12993,52
12994,4
12995,1
12996,33
12997,13
12998,33
12999,4
13000,47
13001,45
13002,41
13003,19
13004,19
13005,39
13006,33
13007,8
13008,13
13009,57
13010,56
13011,1
13012,38
13013,28
13014,11
13015,27
13016,54
13017,36
13018,54
13019,0
13020,56
13021,32
13022,68
13023,55
13024,64
13025,38
13026,51
13027,9
13028,41
13029,24
13030,57
13031,51
13032,13
13033,57
13034,42
13035,55
13036,36
13037,28
13038,56
13039,48
13040,11
13041,13
13042,45
13043,3
13044,52
13045,36
13046,22
13047,16
13048,39
13049,23
13050,39
13051,64
13052,33
13053,16
13054,57
13055,0
13056,39
13057,53
13058,54
13059,28
13060,6
13061,60
13062,7
13063,3
13064,14
13065,47
13066,25
13067,14
13068,10
13069,30
13070,48
13071,2
13072,6
13073,11
13074,9
13075,8
13076,5
13077,67
13078,63
13079,26
13080,35
13081,31
13082,31
13083,38
13084,1
13085,31
13086,39
13087,29
13088,17
13089,46
13090,2
13091,35
13092,48
13093,30
13094,27
13095,25
13096,35
13097,26
13098,1
13099,21
13100,51
13101,11
13102,42
13103,55
13104,66
13105,19
13106,39
13107,13
13108,12
13109,40
13110,40
13111,29
13112,22
13113,63
13114,40
13115,32
13116,64
13117,36
13118,8
13119,5
13120,39
13121,4
13122,40
13123,60
13124,8
13125,8
13126,27
13127,36
13128,0
13129,40
13130,39
13131,5
13132,18
13133,40
13134,45
13135,22
13136,22
13137,17
13138,5
13139,53
13140,8
13141,48
13142,2
13143,43
13144,55
13145,6
13146,2
13147,39
13148,58
13149,44
13150,12
13151,18
13152,4
13153,56
13154,67
13155,5
13156,56
13157,2
13158,64
13159,31
13160,21
13161,32
13162,42
13163,35
13164,37
13165,51
13166,19
13167,60
13168,50
13169,61
13170,27
13171,23
13172,23
13173,13
13174,0
13175,10
13176,28
13177,37
13178,13
13179,2
13180,50
13181,16
13182,4
13183,31
13184,37
13185,23
13186,6
13187,32
13188,67
13189,3
13190,16
13191,46
13192,15
13193,13
13194,10
13195,7
13196,3
13197,61
13198,61
13199,53
13200,3
13201,20
13202,37
13203,67
13204,9
13205,41
13206,55
13207,8
13208,31
13209,51
13210,41
13211,5
13212,51
13213,68
13214,18
13215,29
13216,0
13217,0
13218,37
13219,7
13220,8
13221,12
13222,34
13223,16
13224,7
13225,39
13226,10
13227,38
13228,12
13229,12
13230,14
13231,66
13232,25
13233,4
13234,18
13235,38
13236,9
13237,2
13238,19
13239,3
13240,58
13241,21
13242,31
13243,31
13244,21
13245,38
13246,11
13247,43
13248,56
13249,22
13250,40
13251,1
13252,26
13253,55
13254,39
13255,36
13256,47
13257,16
13258,57
13259,44
13260,46
13261,1
13262,44
13263,42
13264,46
13265,52
13266,25
13267,61
13268,3
13269,8
13270,9
13271,8
13272,15
13273,63
13274,6
13275,21
13276,42
13277,44
13278,39
13279,30
13280,66
13281,13
13282,47
13283,17
13284,33
13285,15
13286,2
13287,2
13288,8
13289,22
13290,52
13291,16
13292,42
13293,56
13294,40
13295,8
13296,35
13297,48
13298,22
13299,2
13300,31
13301,46
13302,21
13303,59
13304,20
13305,59
13306,26
13307,29
13308,14
13309,32
13310,2
13311,1
13312,7
13313,9
13314,2
13315,20
13316,12
13317,27
13318,48
13319,45
13320,31
13321,31
13322,50
13323,60
13324,0
13325,13
13326,20
13327,29
13328,23
13329,3
13330,37
13331,12
13332,29
13333,27
13334,0
13335,46
13336,52
13337,9
13338,16
13339,65
13340,47
13341,48
13342,24
13343,36
13344,17
13345,5
13346,38
13347,7
13348,44
13349,36
13350,9
13351,11
13352,9
13353,42
13354,60
13355,12
13356,11
13357,21
13358,52
13359,41
13360,37
13361,14
13362,18
13363,16
13364,6
13365,16
13366,19
13367,40
13368,22
13369,8
13370,44
13371,15
13372,5
13373,5
13374,37
13375,22
13376,43
13377,42
13378,56
13379,12
13380,18
13381,25
13382,17
13383,51
13384,22
13385,39
13386,32
13387,32
13388,51
13389,0
13390,63
13391,49
13392,57
13393,12
13394,27
13395,62
13396,11
13397,19
13398,66
13399,19
13400,63
13401,64
13402,42
13403,5
13404,32
13405,37
13406,0
13407,13
13408,54
13409,13
13410,1
13411,46
13412,6
13413,37
13414,10
13415,36
13416,1
13417,14
13418,24
13419,38
13420,43
13421,56
13422,9
13423,34
13424,27
13425,28
13426,2
13427,52
13428,22
13429,64
13430,3
13431,57
13432,51
13433,2
13434,26
13435,38
13436,61
13437,35
13438,54
13439,6
13440,3
13441,6
13442,13
13443,1
13444,32
13445,50
13446,32
13447,2
13448,9
13449,39
13450,0
13451,29
13452,30
13453,12
13454,4
13455,28
13456,9
13457,17
13458,28
13459,10
13460,22
13461,11
13462,35
13463,25
13464,27
13465,33
13466,34
13467,59
13468,4
13469,30
13470,39
13471,37
13472,2
13473,38
13474,38
13475,0
13476,61
13477,49
13478,42
13479,2
13480,47
13481,16
13482,21
13483,45
13484,54
13485,25
13486,57
13487,26
13488,63
13489,25
13490,5
13491,14
13492,63
13493,9
13494,16
13495,20
13496,31
13497,26
13498,25
13499,46
13500,61
13501,48
13502,6
13503,31
13504,34
13505,62
13506,25
13507,44
13508,17
13509,8
13510,53
13511,31
13512,15
13513,45
13514,2
13515,18
13516,18
13517,53
13518,22
13519,31
13520,46
13521,35
13522,15
13523,3
13524,23
13525,26
13526,20
13527,53
13528,3
13529,40
13530,9
13531,2
13532,26
13533,0
13534,7
13535,27
13536,16
13537,22
13538,16
13539,16
13540,14
13541,11
13542,1
13543,12
13544,1
13545,48
13546,11
13547,38
13548,8
13549,50
13550,58
13551,51
13552,13
13553,38
13554,9
13555,4
13556,17
13557,46
13558,8
13559,38
13560,16
13561,3
13562,41
13563,30
13564,52
13565,64
13566,2
13567,6
13568,49
13569,57
13570,37
13571,0
13572,19
13573,42
13574,20
13575,40
13576,31
13577,25
13578,54
13579,2
13580,13
13581,23
13582,47
13583,2
13584,30
13585,8
13586,4
13587,63
13588,7
13589,19
13590,64
13591,34
13592,29
13593,28
13594,13
13595,45
13596,57
13597,57
13598,38
13599,14
13600,0
13601,2
13602,7
13603,13
13604,32
13605,30
13606,5
13607,34
13608,3
13609,16
13610,2
13611,11
13612,0
13613,44
13614,24
13615,15
13616,7
13617,52
13618,18
13619,20
13620,27
13621,65
13622,35
13623,26
13624,35
13625,1
13626,51
13627,42
13628,0
13629,28
13630,59
13631,51
13632,4
13633,23
13634,55
13635,53
13636,46
13637,42
13638,23
13639,3
13640,42
13641,39
13642,41
13643,28
13644,30
13645,65
13646,20
13647,8
13648,57
13649,39
13650,29
13651,50
13652,64
13653,16
13654,14
13655,41
13656,32
13657,31
13658,3
13659,30
13660,34
13661,38
13662,27
13663,31
13664,50
13665,25
13666,11
13667,64
13668,36
13669,67
13670,58
13671,63
13672,37
13673,32
13674,30
13675,9
13676,56
13677,54
13678,17
13679,56
13680,33
13681,17
13682,9
13683,6
13684,35
13685,22
13686,33
13687,15
13688,19
13689,50
13690,48
13691,49
13692,10
13693,40
13694,55
13695,0
13696,53
13697,45
13698,53
13699,0
13700,46
13701,1
13702,49
13703,67
13704,5
13705,29
13706,26
13707,44
13708,9
13709,43
13710,6
13711,55
13712,43
13713,24
13714,16
13715,38
13716,23
13717,26
13718,18
13719,4
13720,13
13721,5
13722,62
13723,30
13724,68
13725,24
13726,36
13727,2
13728,0
13729,61
13730,53
13731,31
13732,62
13733,15
13734,23
13735,20
13736,3
13737,28
13738,10
13739,13
13740,0
13741,11
13742,20
13743,38
13744,5
13745,24
13746,17
13747,9
13748,39
13749,46
13750,51
13751,63
13752,63
13753,36
13754,43
13755,31
13756,52
13757,7
13758,39
13759,41
13760,58
13761,18
13762,64
13763,25
13764,56
13765,5
13766,29
13767,8
13768,35
13769,36
13770,66
13771,62
13772,33
13773,43
13774,38
13775,42
13776,6
13777,58
13778,35
13779,29
13780,13
13781,10
13782,9
13783,54
13784,10
13785,19
13786,47
13787,18
13788,23
13789,27
13790,14
13791,21
13792,35
13793,0
13794,53
13795,13
13796,20
13797,13
13798,13
13799,9
13800,42
13801,65
13802,7
13803,37
13804,8
13805,59
13806,3
13807,3
13808,6
13809,17
13810,39
13811,8
13812,15
13813,67
13814,49
13815,50
13816,58
13817,44
13818,20
13819,57
13820,0
13821,37
13822,0
13823,15
13824,44
13825,20
13826,57
13827,11
13828,0
13829,19
13830,49
13831,38
13832,4
13833,3
13834,15
13835,19
13836,40
13837,25
13838,0
13839,18
13840,48
13841,9
13842,26
13843,19
13844,39
13845,48
13846,63
13847,55
13848,34
13849,14
13850,39
13851,38
13852,41
13853,11
13854,52
13855,54
13856,34
13857,8
13858,46
13859,10
13860,31
13861,32
13862,0
13863,45
13864,50
13865,60
13866,3
13867,2
13868,41
13869,45
13870,61
13871,46
13872,0
13873,54
13874,68
13875,8
13876,36
13877,3
13878,13
13879,13
13880,55
13881,44
13882,16
13883,59
13884,4
13885,12
13886,62
13887,65
13888,11
13889,19
13890,32
13891,7
13892,55
13893,46
13894,17
13895,46
13896,5
13897,17
13898,42
13899,36
13900,11
13901,2
13902,6
13903,43
13904,49
13905,11
13906,19
13907,38
13908,38
13909,57
13910,42
13911,19
13912,8
13913,57
13914,9
13915,6
13916,36
13917,42
13918,33
13919,1
13920,48
13921,49
13922,55
13923,33
13924,21
13925,68
13926,6
13927,31
13928,21
13929,4
13930,25
13931,37
13932,33
13933,9
13934,24
13935,11
13936,28
13937,24
13938,30
13939,31
13940,39
13941,45
13942,38
13943,26
13944,11
13945,52
13946,23
13947,21
13948,12
13949,17
13950,45
13951,41
13952,24
13953,59
13954,43
13955,12
13956,20
13957,41
13958,47
13959,45
13960,21
13961,4
13962,3
13963,5
13964,8
13965,41
13966,0
13967,54
13968,4
13969,26
13970,13
13971,67
13972,19
13973,30
13974,39
13975,6
13976,3
13977,16
13978,46
13979,29
13980,12
13981,8
13982,58
13983,0
13984,20
13985,52
13986,49
13987,25
13988,6
13989,19
13990,14
13991,39
13992,41
13993,38
13994,4
13995,0
13996,25
13997,56
13998,24
13999,16
14000,23
14001,46
14002,9
14003,2
14004,57
14005,60
14006,57
14007,36
14008,9
14009,53
14010,35
14011,28
14012,46
14013,45
14014,50
14015,7
14016,64
14017,43
14018,48
14019,58
14020,2
14021,10
14022,34
14023,63
14024,65
14025,17
14026,59
14027,28
14028,50
14029,50
14030,34
14031,46
14032,32
14033,56
14034,14
14035,21
14036,49
14037,0
14038,20
14039,61
14040,52
14041,27
14042,53
14043,17
14044,22
14045,38
14046,34
14047,28
14048,23
14049,57
14050,34
14051,6
14052,2
14053,31
14054,4
14055,7
14056,47
14057,8
14058,9
14059,3
14060,0
14061,2
14062,6
14063,8
14064,0
14065,60
14066,65
14067,53
14068,66
14069,30
14070,38
14071,25
14072,62
14073,50
14074,18
14075,10
14076,20
14077,12
14078,18
14079,5
14080,9
14081,63
14082,52
14083,19
14084,33
14085,54
14086,3
14087,20
14088,28
14089,17
14090,63
14091,1
14092,9
14093,6
14094,36
14095,12
14096,8
14097,17
14098,63
14099,47
14100,58
14101,45
14102,4
14103,21
14104,0
14105,1
14106,12
14107,4
14108,55
14109,5
14110,11
14111,23
14112,25
14113,6
14114,49
14115,56
14116,3
14117,37
14118,9
14119,2
14120,32
14121,8
14122,15
14123,9
14124,48
14125,11
14126,21
14127,32
14128,38
14129,63
14130,18
14131,34
14132,42
14133,9
14134,30
14135,47
14136,3
14137,8
14138,15
14139,6
14140,18
14141,40
14142,20
14143,13
14144,13
14145,19
14146,15
14147,68
14148,19
14149,40
14150,25
14151,6
14152,4
14153,0
14154,34
14155,24
14156,59
14157,12
14158,42
14159,2
14160,52
14161,11
14162,7
14163,14
14164,27
14165,18
14166,34
14167,51
14168,21
14169,19
14170,8
14171,2
14172,58
14173,35
14174,0
14175,45
14176,62
14177,24
14178,5
14179,55
14180,5
14181,5
14182,47
14183,22
14184,27
14185,63
14186,24
14187,64
14188,14
14189,57
14190,4
14191,32
14192,35
14193,67
14194,63
14195,32
14196,59
14197,30
14198,27
14199,30
14200,63
14201,4
14202,5
14203,0
14204,6
14205,12
14206,40
14207,34
14208,44
14209,1
14210,1
14211,56
14212,10
14213,42
14214,52
14215,16
14216,0
14217,30
14218,26
14219,6
14220,15
14221,44
14222,1
14223,22
14224,53
14225,2
14226,18
14227,43
14228,31
14229,59
14230,51
14231,10
14232,10
14233,12
14234,14
14235,63
14236,38
14237,54
14238,15
14239,38
14240,31
14241,36
14242,32
14243,2
14244,27
14245,26
14246,14
14247,0
14248,11
14249,2
14250,58
14251,12
14252,14
14253,66
14254,49
14255,36
14256,42
14257,29
14258,33
14259,25
14260,18
14261,53
14262,15
14263,29
14264,28
14265,57
14266,58
14267,0
14268,30
14269,45
14270,33
14271,57
14272,22
14273,29
14274,37
14275,48
14276,52
14277,51
14278,46
14279,23
14280,59
14281,34
14282,18
14283,11
14284,62
14285,53
14286,7
14287,26
14288,31
14289,11
14290,14
14291,15
14292,8
14293,28
14294,6
14295,6
14296,10
14297,2
14298,1
14299,16
14300,30
14301,18
14302,31
14303,46
14304,29
14305,66
14306,58
14307,14
14308,40
14309,22
14310,11
14311,24
14312,16
14313,10
14314,10
14315,54
14316,46
14317,46
14318,53
14319,1
14320,20
14321,1
14322,59
14323,8
14324,19
14325,49
14326,63
14327,10
14328,24
14329,35
14330,17
14331,57
14332,14
14333,45
14334,37
14335,28
14336,67
14337,60
14338,48
14339,33
14340,19
14341,11
14342,36
14343,8
14344,18
14345,7
14346,28
14347,12
14348,23
14349,47
14350,28
14351,0
14352,0
14353,64
14354,64
14355,31
14356,49
14357,47
14358,11
14359,51
14360,29
14361,34
14362,50
14363,18
14364,62
14365,9
14366,26
14367,46
14368,31
14369,49
14370,49
14371,51
14372,51
14373,0
14374,9
14375,39
14376,12
14377,6
14378,41
14379,0
14380,25
14381,61
14382,14
14383,0
14384,31
14385,13
14386,4
14387,56
14388,11
14389,58
14390,25
14391,40
14392,17
14393,64
14394,55
14395,19
14396,61
14397,27
14398,36
14399,25
14400,24
14401,43
14402,64
14403,40
14404,46
14405,53
14406,26
14407,33
14408,14
14409,52
14410,6
14411,24
14412,18
14413,14
14414,42
14415,7
14416,56
14417,1
14418,6
14419,2
14420,57
14421,3
14422,30
14423,17
14424,23
14425,19
14426,13
14427,66
14428,12
14429,34
14430,37
14431,31
14432,38
14433,65
14434,37
14435,66
14436,40
14437,18
14438,2
14439,67
14440,50
14441,15
14442,11
14443,0
14444,52
14445,38
14446,21
14447,12
14448,52
14449,59
14450,25
14451,28
14452,13
14453,47
14454,7
14455,57
14456,44
14457,40
14458,45
14459,43
14460,7
14461,38
14462,12
14463,13
14464,45
14465,43
14466,12
14467,50
14468,56
14469,24
14470,13
14471,50
14472,10
14473,45
14474,6
14475,61
14476,3
14477,21
14478,16
14479,23
14480,13
14481,49
14482,49
14483,5
14484,62
14485,64
14486,44
14487,41
14488,53
14489,66
14490,59
14491,40
14492,1
14493,16
14494,0
14495,11
14496,1
14497,24
14498,2
14499,18
14500,67
14501,0
14502,30
14503,24
14504,46
14505,37
14506,13
14507,29
14508,58
14509,56
14510,0
14511,22
14512,39
14513,19
14514,0
14515,30
14516,23
14517,50
14518,26
14519,57
14520,6
14521,0
14522,35
14523,40
14524,59
14525,59
14526,13
14527,16
14528,2
14529,21
14530,28
14531,26
14532,47
14533,32
14534,0
14535,48
14536,37
14537,9
14538,51
14539,34
14540,21
14541,40
14542,19
14543,39
14544,5
14545,34
14546,54
14547,56
14548,13
14549,28
14550,17
14551,0
14552,5
14553,5
14554,17
14555,7
14556,6
14557,5
14558,32
14559,30
14560,58
14561,1
14562,44
14563,49
14564,35
14565,44
14566,8
14567,14
14568,2
14569,30
14570,3
14571,4
14572,18
14573,58
14574,63
14575,43
14576,64
14577,20
14578,2
14579,3
14580,38
14581,12
14582,24
14583,65
14584,45
14585,44
14586,16
14587,8
14588,47
14589,57
14590,26
14591,45
14592,57
14593,34
14594,55
14595,1
14596,45
14597,19
14598,40
14599,31
14600,60
14601,4
14602,34
14603,55
14604,46
14605,28
14606,19
14607,11
14608,0
14609,8
14610,24
14611,31
14612,54
14613,39
14614,49
14615,35
14616,45
14617,25
14618,3
14619,18
14620,28
14621,31
14622,16
14623,46
14624,23
14625,38
14626,7
14627,13
14628,19
14629,2
14630,29
14631,36
14632,46
14633,52
14634,6
14635,20
14636,19
14637,7
14638,20
14639,52
14640,16
14641,9
14642,13
14643,5
14644,37
14645,32
14646,43
14647,34
14648,0
14649,18
14650,41
14651,62
14652,20
14653,47
14654,31
14655,8
14656,12
14657,30
14658,64
14659,6
14660,27
14661,15
14662,57
14663,53
14664,26
14665,1
14666,13
14667,0
14668,40
14669,12
14670,5
14671,27
14672,54
14673,20
14674,19
14675,19
14676,34
14677,4
14678,38
14679,29
14680,1
14681,9
14682,4
14683,1
14684,21
14685,14
14686,13
14687,22
14688,39
14689,6
14690,55
14691,21
14692,17
14693,32
14694,25
14695,36
14696,39
14697,32
14698,49
14699,43
14700,28
14701,61
14702,38
14703,0
14704,23
14705,61
14706,15
14707,59
14708,33
14709,43
14710,10
14711,20
14712,0
14713,4
14714,12
14715,8
14716,22
14717,0
14718,2
14719,19
14720,13
14721,33
14722,3
14723,64
14724,15
14725,63
14726,61
14727,65
14728,25
14729,68
14730,31
14731,0
14732,0
14733,26
14734,9
14735,18
14736,15
14737,28
14738,59
14739,11
14740,11
14741,11
14742,66
14743,0
14744,33
14745,36
14746,34
14747,13
14748,25
14749,16
14750,30
14751,29
14752,32
14753,0
14754,1
14755,15
14756,51
14757,0
14758,33
14759,4
14760,23
14761,5
14762,19
14763,14
14764,36
14765,33
14766,27
14767,7
14768,12
14769,12
14770,43
14771,10
14772,39
14773,56
14774,67
14775,67
14776,20
14777,16
14778,53
14779,43
14780,9
14781,11
14782,37
14783,26
14784,13
14785,0
14786,0
14787,38
14788,5
14789,65
14790,8
14791,23
14792,21
14793,23
14794,14
14795,33
14796,37
14797,60
14798,56
14799,4
14800,3
14801,25
14802,39
14803,9
14804,21
14805,38
14806,65
14807,15
14808,27
14809,49
14810,43
14811,45
14812,67
14813,26
14814,56
14815,6
14816,13
14817,38
14818,3
14819,57
14820,21
14821,18
14822,11
14823,39
14824,16
14825,15
14826,7
14827,46
14828,11
14829,23
14830,21
14831,61
14832,11
14833,0
14834,0
14835,42
14836,43
14837,19
14838,40
14839,31
14840,12
14841,27
14842,53
14843,42
14844,5
14845,66
14846,1
14847,36
14848,52
14849,55
14850,23
14851,53
14852,12
14853,3
14854,40
14855,6
14856,21
14857,35
14858,41
14859,31
14860,22
14861,65
14862,27
14863,34
14864,10
14865,4
14866,49
14867,23
14868,5
14869,40
14870,35
14871,12
14872,51
14873,31
14874,31
14875,27
14876,21
14877,15
14878,29
14879,8
14880,24
14881,43
14882,53
14883,27
14884,48
14885,66
14886,64
14887,40
14888,0
14889,0
14890,0
14891,64
14892,11
14893,50
14894,0
14895,34
14896,28
14897,17
14898,50
14899,51
14900,57
14901,26
14902,58
14903,17
14904,31
14905,16
14906,18
14907,28
14908,19
14909,4
14910,18
14911,41
14912,31
14913,36
14914,21
14915,0
14916,26
14917,5
14918,8
14919,17
14920,24
14921,16
14922,5
14923,37
14924,4
14925,26
14926,13
14927,16
14928,49
14929,13
14930,42
14931,45
14932,59
14933,50
14934,20
14935,0
14936,29
14937,9
14938,50
14939,19
14940,37
14941,19
14942,10
14943,63
14944,37
14945,34
14946,18
14947,15
14948,12
14949,48
14950,31
14951,45
14952,16
14953,31
14954,34
14955,42
14956,16
14957,34
14958,22
14959,46
14960,16
14961,38
14962,37
14963,52
14964,46
14965,49
14966,11
14967,40
14968,2
14969,27
14970,25
14971,65
14972,50
14973,37
14974,6
14975,16
14976,55
14977,50
14978,0
14979,0
14980,5
14981,56
14982,14
14983,57
14984,57
14985,4
14986,37
14987,42
14988,50
14989,25
14990,65
14991,48
14992,40
14993,33
14994,44
14995,20
14996,0
14997,33
14998,39
14999,5
15000,34
15001,11
15002,28
15003,36
15004,30
15005,2
15006,28
15007,17
15008,52
15009,48
15010,16
15011,39
15012,0
15013,30
15014,7
15015,51
15016,39
15017,29
15018,26
15019,14
15020,0
15021,64
15022,6
15023,45
15024,34
15025,36
15026,53
15027,0
15028,29
15029,42
15030,16
15031,20
15032,2
15033,35
15034,42
15035,26
15036,16
15037,50
15038,34
15039,41
15040,11
15041,37
15042,37
15043,62
15044,17
15045,19
15046,46
15047,46
15048,11
15049,22
15050,64
15051,33
15052,9
15053,0
15054,0
15055,12
15056,10
15057,2
15058,1
15059,44
15060,21
15061,33
15062,18
15063,43
15064,36
15065,50
15066,14
15067,10
15068,32
15069,7
15070,60
15071,54
15072,37
15073,22
15074,40
15075,31
15076,66
15077,61
15078,28
15079,37
15080,3
15081,53
15082,52
15083,64
15084,42
15085,46
15086,9
15087,10
15088,14
15089,19
15090,14
15091,38
15092,40
15093,31
15094,22
15095,6
15096,2
15097,35
15098,46
15099,17
15100,1
15101,49
15102,1
15103,6
15104,56
15105,25
15106,2
15107,53
15108,12
15109,59
15110,36
15111,65
15112,38
15113,34
15114,26
15115,33
15116,66
15117,10
15118,31
15119,21
15120,44
15121,22
15122,45
15123,29
15124,4
15125,26
15126,64
15127,37
15128,22
15129,9
15130,30
15131,44
15132,14
15133,52
15134,48
15135,26
15136,28
15137,5
15138,28
15139,31
15140,27
15141,2
15142,29
15143,22
15144,41
15145,59
15146,45
15147,63
15148,62
15149,26
15150,15
15151,50
15152,21
15153,22
15154,2
15155,6
15156,20
15157,12
15158,9
15159,55
15160,41
15161,27
15162,46
15163,18
15164,8
15165,2
15166,62
15167,40
15168,21
15169,42
15170,0
15171,26
15172,19
15173,38
15174,47
15175,36
15176,0
15177,2
15178,34
15179,51
15180,60
15181,48
15182,24
15183,56
15184,9
15185,40
15186,5
15187,18
15188,19
15189,50
15190,16
15191,42
15192,8
15193,40
15194,28
15195,23
15196,31
15197,38
15198,57
15199,3
15200,4
15201,6
15202,45
15203,11
15204,57
15205,9
15206,15
15207,58
15208,29
15209,39
15210,25
15211,51
15212,5
15213,23
15214,20
15215,36
15216,49
15217,47
15218,28
15219,52
15220,36
15221,55
15222,52
15223,33
15224,36
15225,26
15226,3
15227,41
15228,5
15229,22
15230,18
15231,6
15232,11
15233,27
15234,60
15235,53
15236,6
15237,19
15238,19
15239,11
15240,2
15241,51
15242,10
15243,9
15244,12
15245,29
15246,8
15247,64
15248,11
15249,39
15250,46
15251,39
15252,25
15253,0
15254,0
15255,3
15256,32
15257,28
15258,27
15259,43
15260,42
15261,38
15262,1
15263,45
15264,34
15265,45
15266,23
15267,45
15268,56
15269,17
15270,40
15271,50
15272,45
15273,39
15274,35
15275,15
15276,44
15277,30
15278,0
15279,32
15280,62
15281,14
15282,20
15283,54
15284,16
15285,54
15286,8
15287,35
15288,25
15289,28
15290,37
15291,14
15292,45
15293,35
15294,15
15295,6
15296,35
15297,47
15298,24
15299,54
15300,1
15301,13
15302,17
15303,27
15304,10
15305,53
15306,61
15307,9
15308,40
15309,4
15310,36
15311,37
15312,52
15313,37
15314,55
15315,46
15316,11
15317,30
15318,47
15319,55
15320,44
15321,19
15322,12
15323,1
15324,42
15325,10
15326,44
15327,7
15328,26
15329,35
15330,6
15331,8
15332,0
15333,14
15334,15
15335,37
15336,29
15337,46
15338,36
15339,39
15340,0
15341,55
15342,28
15343,3
15344,30
15345,8
15346,3
15347,6
15348,33
15349,17
15350,15
15351,18
15352,10
15353,56
15354,32
15355,34
15356,4
15357,25
15358,0
15359,34
15360,5
15361,6
15362,63
15363,60
15364,0
15365,23
15366,23
15367,38
15368,43
15369,24
15370,64
15371,41
15372,56
15373,24
15374,60
15375,15
15376,3
15377,38
15378,2
15379,10
15380,49
15381,38
15382,18
15383,48
15384,7
15385,44
15386,6
15387,22
15388,8
15389,17
15390,43
15391,22
15392,2
15393,16
15394,1
15395,51
15396,28
15397,24
15398,44
15399,9
15400,28
15401,15
15402,61
15403,25
15404,53
15405,37
15406,24
15407,17
15408,64
15409,26
15410,7
15411,25
15412,36
15413,2
15414,48
15415,44
15416,60
15417,66
15418,3
15419,57
15420,10
15421,26
15422,39
15423,27
15424,38
15425,19
15426,36
15427,65
15428,25
15429,21
15430,30
15431,7
15432,68
15433,57
15434,2
15435,57
15436,17
15437,20
15438,58
15439,41
15440,25
15441,53
15442,50
15443,20
15444,14
15445,36
15446,29
15447,24
15448,51
15449,11
15450,14
15451,2
15452,57
15453,22
15454,2
15455,55
15456,63
15457,7
15458,62
15459,18
15460,20
15461,43
15462,12
15463,21
15464,11
15465,12
15466,10
15467,20
15468,8
15469,26
15470,32
15471,17
15472,47
15473,42
15474,12
15475,32
15476,39
15477,21
15478,56
15479,15
15480,7
15481,15
15482,26
15483,1
15484,33
15485,52
15486,41
15487,2
15488,26
15489,47
15490,29
15491,55
15492,40
15493,5
15494,13
15495,50
15496,6
15497,11
15498,49
15499,35
15500,21
15501,42
15502,31
15503,6
15504,34
15505,14
15506,39
15507,42
15508,55
15509,29
15510,0
15511,56
15512,67
15513,16
15514,41
15515,15
15516,39
15517,68
15518,21
15519,24
15520,17
15521,57
15522,48
15523,33
15524,44
15525,7
15526,18
15527,47
15528,6
15529,1
15530,21
15531,8
15532,52
15533,53
15534,10
15535,15
15536,54
15537,13
15538,19
15539,6
15540,60
15541,42
15542,42
15543,2
15544,12
15545,51
15546,26
15547,2
15548,43
15549,10
15550,32
15551,22
15552,44
15553,28
15554,28
15555,41
15556,16
15557,30
15558,18
15559,0
15560,54
15561,60
15562,35
15563,64
15564,31
15565,6
15566,0
15567,5
15568,5
15569,42
15570,5
15571,12
15572,0
15573,37
15574,43
15575,4
15576,30
15577,4
15578,20
15579,28
15580,13
15581,1
15582,0
15583,26
15584,60
15585,4
15586,44
15587,62
15588,1
15589,50
15590,8
15591,5
15592,54
15593,16
15594,2
15595,5
15596,17
15597,10
15598,0
15599,42
15600,13
15601,4
15602,33
15603,21
15604,37
15605,32
15606,24
15607,0
15608,29
15609,16
15610,24
15611,47
15612,20
15613,45
15614,56
15615,20
15616,9
15617,5
15618,3
15619,11
15620,36
15621,45
15622,40
15623,44
15624,56
15625,16
15626,38
15627,30
15628,23
15629,58
15630,30
15631,31
15632,32
15633,24
15634,6
15635,23
15636,15
15637,35
15638,51
15639,20
15640,2
15641,17
15642,48
15643,17
15644,53
15645,34
15646,9
15647,4
15648,30
15649,0
15650,5
15651,12
15652,35
15653,57
15654,56
15655,12
15656,29
15657,17
15658,1
15659,33
15660,52
15661,14
15662,1
15663,5
15664,10
15665,54
15666,13
15667,10
15668,11
15669,9
15670,13
15671,2
15672,23
15673,13
15674,58
15675,20
15676,51
15677,11
15678,27
15679,55
15680,40
15681,35
15682,19
15683,31
15684,41
15685,19
15686,45
15687,37
15688,20
15689,57
15690,34
15691,2
15692,63
15693,43
15694,60
15695,23
15696,25
15697,18
15698,10
15699,65
15700,14
15701,7
15702,43
15703,23
15704,39
15705,11
15706,28
15707,13
15708,59
15709,17
15710,49
15711,36
15712,34
15713,0
15714,43
15715,1
15716,22
15717,24
15718,28
15719,59
15720,36
15721,51
15722,50
15723,12
15724,54
15725,22
15726,24
15727,38
15728,11
15729,20
15730,50
15731,30
15732,33
15733,10
15734,0
15735,67
15736,5
15737,19
15738,45
15739,11
15740,18
15741,49
15742,7
15743,3
15744,24
15745,5
15746,63
15747,32
15748,19
15749,13
15750,4
15751,0
15752,9
15753,9
15754,42
15755,3
15756,40
15757,40
15758,16
15759,66
15760,18
15761,32
15762,5
15763,60
15764,18
15765,5
15766,14
15767,46
15768,39
15769,52
15770,20
15771,37
15772,46
15773,68
15774,67
15775,53
15776,11
15777,64
15778,11
15779,44
15780,29
15781,29
15782,37
15783,46
15784,59
15785,9
15786,29
15787,56
15788,62
15789,11
15790,57
15791,1
15792,0
15793,40
15794,30
15795,61
15796,33
15797,40
15798,1
15799,2
15800,10
15801,40
15802,23
15803,5
15804,9
15805,47
15806,55
15807,1
15808,9
15809,24
15810,21
15811,19
15812,43
15813,29
15814,38
15815,45
15816,16
15817,33
15818,5
15819,67
15820,32
15821,0
15822,46
15823,59
15824,60
15825,36
15826,51
15827,28
15828,18
15829,9
15830,32
15831,25
15832,7
15833,61
15834,19
15835,1
15836,5
15837,4
15838,3
15839,0
15840,38
15841,3
15842,30
15843,22
15844,3
15845,60
15846,33
15847,11
15848,37
15849,9
15850,41
15851,18
15852,52
15853,30
15854,5
15855,21
15856,63
15857,2
15858,26
15859,35
15860,23
15861,48
15862,3
15863,43
15864,26
15865,48
15866,3
15867,18
15868,43
15869,45
15870,67
15871,2
15872,28
15873,0
15874,34
15875,62
15876,6
15877,9
15878,0
15879,20
15880,15
15881,12
15882,18
15883,20
15884,66
15885,27
15886,61
15887,57
15888,44
15889,26
15890,25
15891,13
15892,27
15893,41
15894,42
15895,0
15896,20
15897,18
15898,51
15899,3
15900,14
15901,50
15902,23
15903,7
15904,35
15905,5
15906,25
15907,24
15908,48
15909,49
15910,6
15911,37
15912,2
15913,7
15914,12
15915,29
15916,0
15917,23
15918,28
15919,2
15920,61
15921,13
15922,1
15923,45
15924,20
15925,14
15926,10
15927,1
15928,30
15929,13
15930,19
15931,0
15932,39
15933,0
15934,54
15935,24
15936,25
15937,3
15938,13
15939,49
15940,43
15941,16
15942,23
15943,7
15944,37
15945,18
15946,37
15947,4
15948,33
15949,44
15950,13
15951,33
15952,27
15953,61
15954,32
15955,51
15956,9
15957,12
15958,14
15959,8
15960,46
15961,6
15962,61
15963,43
15964,17
15965,35
15966,1
15967,45
15968,19
15969,26
15970,14
15971,59
15972,4
15973,37
15974,64
15975,1
15976,0
15977,25
15978,0
15979,24
15980,64
15981,43
15982,4
15983,41
15984,50
15985,6
15986,3
15987,56
15988,39
15989,25
15990,11
15991,7
15992,61
15993,56
15994,47
15995,7
15996,46
15997,6
15998,8
15999,25
16000,54
16001,11
16002,57
16003,58
16004,12
16005,28
16006,12
16007,9
16008,50
16009,45
16010,10
16011,40
16012,41
16013,47
16014,41
16015,40
16016,6
16017,17
16018,41
16019,2
16020,37
16021,51
16022,12
16023,7
16024,30
16025,26
16026,45
16027,27
16028,6
16029,55
16030,37
16031,67
16032,26
16033,17
16034,4
16035,32
16036,63
16037,2
16038,60
16039,42
16040,66
16041,30
16042,26
16043,41
16044,11
16045,13
16046,35
16047,9
16048,55
16049,34
16050,47
16051,63
16052,4
16053,29
16054,4
16055,34
16056,52
16057,18
16058,14
16059,14
16060,7
16061,23
16062,20
16063,26
16064,16
16065,24
16066,46
16067,46
16068,31
16069,14
16070,20
16071,29
16072,45
16073,15
16074,56
16075,56
16076,5
16077,58
16078,17
16079,16
16080,13
16081,16
16082,43
16083,0
16084,8
16085,44
16086,34
16087,4
16088,10
16089,35
16090,13
16091,42
16092,64
16093,30
16094,39
16095,0
16096,33
16097,10
16098,10
16099,8
16100,29
16101,31
16102,39
16103,0
16104,15
16105,1
16106,3
16107,37
16108,9
16109,8
16110,35
16111,0
16112,53
16113,29
16114,30
16115,22
16116,42
16117,24
16118,44
16119,3
16120,27
16121,24
16122,48
16123,35
16124,31
16125,38
16126,50
16127,33
16128,42
16129,26
16130,53
16131,43
16132,51
16133,55
16134,47
16135,31
16136,17
16137,11
16138,18
16139,58
16140,7
16141,6
16142,23
16143,6
16144,49
16145,16
16146,8
16147,51
16148,17
16149,26
16150,52
16151,66
16152,22
16153,6
16154,18
16155,18
16156,65
16157,15
16158,11
16159,56
16160,50
16161,50
16162,48
16163,30
16164,24
16165,12
16166,4
16167,51
16168,21
16169,10
16170,5
16171,34
16172,16
16173,27
16174,42
16175,16
16176,17
16177,7
16178,50
16179,15
16180,28
16181,47
16182,47
16183,35
16184,52
16185,32
16186,28
16187,44
16188,19
16189,42
16190,21
16191,54
16192,44
16193,6
16194,35
16195,18
16196,15
16197,16
16198,42
16199,42
16200,3
16201,44
16202,18
16203,53
16204,20
16205,57
16206,37
16207,13
16208,53
16209,23
16210,11
16211,13
16212,61
16213,22
16214,47
16215,41
16216,0
16217,43
16218,27
16219,15
16220,17
16221,6
16222,26
16223,32
16224,51
16225,15
16226,27
16227,54
16228,22
16229,4
16230,1
16231,43
16232,0
16233,22
16234,34
16235,30
16236,14
16237,12
16238,2
16239,55
16240,9
16241,10
16242,54
16243,23
16244,2
16245,25
16246,18
16247,22
16248,26
16249,23
16250,28
16251,43
16252,26
16253,36
16254,41
16255,34
16256,0
16257,55
16258,55
16259,23
16260,18
16261,25
16262,3
16263,53
16264,59
16265,54
16266,27
16267,41
16268,26
16269,22
16270,2
16271,2
16272,42
16273,37
16274,41
16275,17
16276,44
16277,1
16278,6
16279,3
16280,22
16281,21
16282,7
16283,25
16284,20
16285,38
16286,40
16287,45
16288,18
16289,48
16290,18
16291,30
16292,56
16293,23
16294,3
16295,33
16296,57
16297,3
16298,20
16299,0
16300,18
16301,62
16302,52
16303,47
16304,19
16305,20
16306,19
16307,38
16308,50
16309,3
16310,13
16311,9
16312,58
16313,12
16314,52
16315,49
16316,2
16317,22
16318,52
16319,29
16320,52
16321,26
16322,26
16323,21
16324,0
16325,39
16326,16
16327,38
16328,55
16329,50
16330,14
16331,24
16332,21
16333,54
16334,49
16335,37
16336,2
16337,18
16338,40
16339,5
16340,34
16341,42
16342,26
16343,12
16344,45
16345,43
16346,24
16347,33
16348,53
16349,44
16350,44
16351,31
16352,49
16353,25
16354,7
16355,10
16356,43
16357,45
16358,65
16359,46
16360,53
16361,22
16362,41
16363,39
16364,1
16365,15
16366,30
16367,52
16368,0
16369,49
16370,1
16371,48
16372,21
16373,39
16374,10
16375,57
16376,22
16377,2
16378,20
16379,36
16380,25
16381,49
16382,15
16383,43
16384,34
16385,31
16386,33
16387,27
16388,9
16389,39
16390,57
16391,1
16392,42
16393,46
16394,3
16395,55
16396,44
16397,64
16398,1
16399,18
16400,37
16401,36
16402,64
16403,41
16404,25
16405,12
16406,45
16407,13
16408,15
16409,13
16410,11
16411,20
16412,67
16413,25
16414,13
16415,52
16416,55
16417,34
16418,5
16419,34
16420,1
16421,0
16422,49
16423,12
16424,15
16425,34
16426,31
16427,15
16428,48
16429,35
16430,41
16431,17
16432,29
16433,0
16434,24
16435,4
16436,3
16437,22
16438,58
16439,45
16440,0
16441,2
16442,57
16443,54
16444,11
16445,52
16446,42
16447,20
16448,15
16449,14
16450,8
16451,12
16452,40
16453,10
16454,20
16455,29
16456,56
16457,32
16458,14
16459,19
16460,65
16461,6
16462,54
16463,13
16464,37
16465,4
16466,37
16467,11
16468,55
16469,3
16470,27
16471,39
16472,41
16473,13
16474,27
16475,60
16476,1
16477,12
16478,3
16479,0
16480,1
16481,9
16482,8
16483,22
16484,0
16485,29
16486,14
16487,48
16488,3
16489,20
16490,38
16491,46
16492,28
16493,0
16494,5
16495,20
16496,21
16497,5
16498,10
16499,43
16500,10
16501,15
16502,65
16503,24
16504,49
16505,27
16506,26
16507,53
16508,51
16509,42
16510,36
16511,36
16512,37
16513,17
16514,9
16515,30
16516,64
16517,49
16518,56
16519,24
16520,47
16521,28
16522,57
16523,15
16524,67
16525,47
16526,6
16527,36
16528,27
16529,25
16530,16
16531,0
16532,16
16533,34
16534,16
16535,16
16536,5
16537,57
16538,8
16539,3
16540,25
16541,32
16542,41
16543,1
16544,14
16545,36
16546,9
16547,54
16548,12
16549,1
16550,34
16551,65
16552,37
16553,48
16554,36
16555,37
16556,27
16557,42
16558,46
16559,35
16560,32
16561,54
16562,15
16563,46
16564,43
16565,3
16566,0
16567,0
16568,22
16569,43
16570,22
16571,65
16572,17
16573,16
16574,21
16575,48
16576,33
16577,43
16578,16
16579,32
16580,27
16581,61
16582,39
16583,40
16584,0
16585,1
16586,5
16587,15
16588,17
16589,28
16590,45
16591,44
16592,54
16593,27
16594,25
16595,65
16596,59
16597,36
16598,42
16599,24
16600,3
16601,57
16602,18
16603,21
16604,13
16605,64
16606,51
16607,58
16608,17
16609,47
16610,14
16611,19
16612,28
16613,31
16614,28
16615,66
16616,65
16617,12
16618,8
16619,30
16620,43
16621,8
16622,18
16623,4
16624,47
16625,6
16626,28
16627,0
16628,54
16629,18
16630,0
16631,67
16632,3
16633,44
16634,42
16635,10
16636,32
16637,3
16638,43
16639,3
16640,26
16641,48
16642,53
16643,49
16644,1
16645,2
16646,15
16647,25
16648,19
16649,3
16650,3
16651,12
16652,57
16653,34
16654,1
16655,26
16656,4
16657,7
16658,13
16659,9
16660,60
16661,5
16662,1
16663,24
16664,61
16665,23
16666,39
16667,56
16668,3
16669,38
16670,56
16671,30
16672,44
16673,25
16674,7
16675,25
16676,46
16677,15
16678,58
16679,30
16680,5
16681,6
16682,12
16683,35
16684,35
16685,55
16686,50
16687,17
16688,42
16689,10
16690,14
16691,39
16692,48
16693,10
16694,19
16695,50
16696,38
16697,50
16698,8
16699,1
16700,6
16701,8
16702,52
16703,59
16704,6
16705,7
16706,36
16707,41
16708,62
16709,34
16710,46
16711,3
16712,34
16713,51
16714,68
16715,45
16716,43
16717,54
16718,31
16719,46
16720,9
16721,13
16722,15
16723,28
16724,6
16725,3
16726,17
16727,37
16728,26
16729,31
16730,15
16731,4
16732,19
16733,52
16734,19
16735,37
16736,14
16737,45
16738,20
16739,2
16740,19
16741,7
16742,65
16743,45
16744,44
16745,58
16746,32
16747,20
16748,53
16749,53
16750,10
16751,44
16752,1
16753,0
16754,6
16755,50
16756,33
16757,45
16758,28
16759,6
16760,22
16761,52
16762,20
16763,65
16764,13
16765,63
16766,38
16767,37
16768,4
16769,41
16770,28
16771,44
16772,53
16773,65
16774,40
16775,32
16776,0
16777,0
16778,0
16779,23
16780,47
16781,4
16782,17
16783,1
16784,17
16785,21
16786,38
16787,33
16788,7
16789,14
16790,64
16791,55
16792,23
16793,46
16794,35
16795,60
16796,36
16797,6
16798,19
16799,13
16800,21
16801,30
16802,49
16803,7
16804,33
16805,41
16806,29
16807,31
16808,45
16809,14
16810,42
16811,29
16812,61
16813,43
16814,15
16815,66
16816,23
16817,17
16818,61
16819,48
16820,34
16821,18
16822,23
16823,33
16824,28
16825,34
16826,23
16827,31
16828,64
16829,17
16830,42
16831,44
16832,23
16833,52
16834,5
16835,23
16836,61
16837,53
16838,28
16839,16
16840,39
16841,19
16842,40
16843,15
16844,25
16845,38
16846,37
16847,14
16848,41
16849,5
16850,41
16851,66
16852,38
16853,12
16854,42
16855,42
16856,29
16857,7
16858,17
16859,5
16860,45
16861,44
16862,1
16863,12
16864,50
16865,5
16866,13
16867,3
16868,48
16869,41
16870,5
16871,36
16872,57
16873,48
16874,18
16875,44
16876,66
16877,12
16878,25
16879,6
16880,29
16881,14
16882,57
16883,46
16884,23
16885,13
16886,43
16887,53
16888,51
16889,53
16890,36
16891,12
16892,55
16893,55
16894,29
16895,52
16896,19
16897,7
16898,18
16899,61
16900,33
16901,15
16902,0
16903,11
16904,24
16905,18
16906,4
16907,11
16908,54
16909,12
16910,48
16911,29
16912,16
16913,44
16914,49
16915,55
16916,4
16917,45
16918,49
16919,37
16920,26
16921,25
16922,24
16923,47
16924,18
16925,19
16926,14
16927,22
16928,16
16929,16
16930,23
16931,0
16932,62
16933,14
16934,35
16935,57
16936,7
16937,2
16938,66
16939,9
16940,7
16941,27
16942,29
16943,45
16944,38
16945,18
16946,39
16947,55
16948,63
16949,39
16950,41
16951,3
16952,0
16953,6
16954,27
16955,14
16956,36
16957,12
16958,57
16959,36
16960,51
16961,16
16962,50
16963,47
16964,23
16965,63
16966,6
16967,62
16968,6
16969,0
16970,56
16971,38
16972,24
16973,25
16974,56
16975,61
16976,27
16977,6
16978,39
16979,41
16980,12
16981,51
16982,22
16983,26
16984,50
16985,38
16986,19
16987,35
16988,9
16989,3
16990,60
16991,59
16992,66
16993,21
16994,39
16995,34
16996,7
16997,14
16998,26
16999,2
17000,61
17001,64
17002,14
17003,30
17004,55
17005,55
17006,6
17007,21
17008,12
17009,41
17010,58
17011,37
17012,39
17013,18
17014,45
17015,38
17016,54
17017,66
17018,11
17019,59
17020,12
17021,57
17022,54
17023,14
17024,14
17025,40
17026,48
17027,33
17028,56
17029,33
17030,38
17031,19
17032,21
17033,41
17034,49
17035,39
17036,51
17037,9
17038,33
17039,52
17040,1
17041,3
17042,43
17043,47
17044,48
17045,22
17046,26
17047,48
17048,68
17049,2
17050,7
17051,34
17052,36
17053,5
17054,31
17055,44
17056,31
17057,50
17058,11
17059,10
17060,43
17061,7
17062,2
17063,12
17064,56
17065,56
17066,0
17067,15
17068,28
17069,26
17070,9
17071,13
17072,9
17073,25
17074,15
17075,21
17076,55
17077,7
17078,39
17079,46
17080,63
17081,18
17082,46
17083,47
17084,4
17085,33
17086,34
17087,38
17088,62
17089,11
17090,17
17091,18
17092,65
17093,38
17094,7
17095,0
17096,12
17097,19
17098,60
17099,37
17100,60
17101,14
17102,18
17103,34
17104,32
17105,10
17106,55
17107,66
17108,55
17109,25
17110,6
17111,9
17112,37
17113,18
17114,0
17115,0
17116,0
17117,27
17118,26
17119,34
17120,55
17121,39
17122,22
17123,1
17124,17
17125,57
17126,0
17127,38
17128,48
17129,39
17130,0
17131,17
17132,26
17133,59
17134,60
17135,10
17136,8
17137,24
17138,43
17139,20
17140,34
17141,7
17142,30
17143,22
17144,17
17145,43
17146,57
17147,38
17148,65
17149,56
17150,0
17151,33
17152,34
17153,32
17154,52
17155,59
17156,58
17157,60
17158,47
17159,16
17160,35
17161,25
17162,17
17163,0
17164,62
17165,67
17166,14
17167,28
17168,48
17169,4
17170,10
17171,48
17172,34
17173,24
17174,6
17175,2
17176,7
17177,11
17178,24
17179,55
17180,61
17181,48
17182,11
17183,16
17184,53
17185,36
17186,20
17187,39
17188,38
17189,15
17190,34
17191,48
17192,15
17193,21
17194,31
17195,11
17196,50
17197,34
17198,61
17199,22
17200,50
17201,18
17202,67
17203,3
17204,59
17205,32
17206,60
17207,55
17208,1
17209,8
17210,2
17211,27
17212,4
17213,7
17214,21
17215,22
17216,40
17217,65
17218,34
17219,37
17220,5
17221,20
17222,21
17223,7
17224,0
17225,0
17226,18
17227,60
17228,50
17229,32
17230,62
17231,1
17232,64
17233,1
17234,3
17235,2
17236,50
17237,62
17238,5
17239,19
17240,14
17241,24
17242,15
17243,37
17244,8
17245,10
17246,57
17247,63
17248,42
17249,27
17250,12
17251,7
17252,23
17253,3
17254,39
17255,3
17256,56
17257,35
17258,15
17259,24
17260,7
17261,57
17262,21
17263,22
17264,38
17265,13
17266,22
17267,34
17268,0
17269,41
17270,6
17271,55
17272,65
17273,12
17274,54
17275,16
17276,7
17277,15
17278,16
17279,67
17280,24
17281,35
17282,48
17283,5
17284,34
17285,16
17286,2
17287,48
17288,20
17289,11
17290,30
17291,4
17292,43
17293,5
17294,37
17295,22
17296,0
17297,31
17298,26
17299,22
17300,24
17301,19
17302,3
17303,30
17304,57
17305,12
17306,9
17307,46
17308,27
17309,35
17310,23
17311,47
17312,37
17313,32
17314,35
17315,41
17316,36
17317,36
17318,0
17319,23
17320,57
17321,7
17322,44
17323,17
17324,1
17325,43
17326,0
17327,4
17328,0
17329,14
17330,30
17331,54
17332,44
17333,49
17334,0
17335,7
17336,21
17337,2
17338,45
17339,27
17340,46
17341,1
17342,11
17343,34
17344,53
17345,58
17346,4
17347,16
17348,5
17349,9
17350,14
17351,19
17352,0
17353,8
17354,67
17355,20
17356,62
17357,6
17358,45
17359,35
17360,30
17361,34
17362,24
17363,51
17364,53
17365,13
17366,51
17367,64
17368,59
17369,43
17370,10
17371,35
17372,45
17373,6
17374,48
17375,19
17376,63
17377,49
17378,55
17379,0
17380,11
17381,62
17382,58
17383,67
17384,48
17385,35
17386,21
17387,3
17388,16
17389,53
17390,41
17391,3
17392,25
17393,38
17394,54
17395,40
17396,31
17397,2
17398,37
17399,32
17400,0
17401,1
17402,60
17403,14
17404,25
17405,18
17406,29
17407,55
17408,55
17409,42
17410,42
17411,41
17412,55
17413,32
17414,20
17415,6
17416,51
17417,25
17418,66
17419,25
17420,24
17421,0
17422,38
17423,64
17424,34
17425,31
17426,26
17427,33
17428,51
17429,4
17430,7
17431,24
17432,40
17433,41
17434,15
17435,60
17436,50
17437,35
17438,4
17439,45
17440,43
17441,61
17442,42
17443,26
17444,42
17445,36
17446,1
17447,34
17448,12
17449,33
17450,5
17451,34
17452,33
17453,19
17454,27
17455,45
17456,62
17457,68
17458,12
17459,40
17460,15
17461,34
17462,37
17463,53
17464,35
17465,23
17466,43
17467,10
17468,11
17469,22
17470,53
17471,60
17472,29
17473,34
17474,43
17475,1
17476,25
17477,6
17478,5
17479,56
17480,30
17481,32
17482,63
17483,49
17484,35
17485,16
17486,22
17487,3
17488,0
17489,17
17490,17
17491,33
17492,43
17493,11
17494,61
17495,61
17496,4
17497,7
17498,2
17499,52
17500,24
17501,20
17502,4
17503,19
17504,1
17505,8
17506,51
17507,65
17508,16
17509,44
17510,47
17511,25
17512,34
17513,7
17514,4
17515,37
17516,28
17517,1
17518,9
17519,2
17520,61
17521,46
17522,60
17523,1
17524,40
17525,10
17526,38
17527,27
17528,38
17529,52
17530,58
17531,26
17532,28
17533,22
17534,9
17535,22
17536,10
17537,6
17538,61
17539,14
17540,19
17541,46
17542,25
17543,0
17544,36
17545,24
17546,53
17547,4
17548,33
17549,3
17550,34
17551,24
17552,5
17553,39
17554,22
17555,30
17556,39
17557,34
17558,44
17559,37
17560,34
17561,45
17562,1
17563,54
17564,66
17565,53
17566,31
17567,13
17568,34
17569,6
17570,15
17571,41
17572,52
17573,27
17574,56
17575,19
17576,23
17577,34
17578,5
17579,14
17580,32
17581,2
17582,8
17583,10
17584,6
17585,13
17586,49
17587,53
17588,26
17589,16
17590,42
17591,27
17592,35
17593,18
17594,10
17595,35
17596,49
17597,49
17598,5
17599,23
17600,14
17601,48
17602,16
17603,34
17604,43
17605,26
17606,25
17607,65
17608,51
17609,2
17610,42
17611,61
17612,52
17613,20
17614,65
17615,53
17616,48
17617,37
17618,41
17619,5
17620,16
17621,27
17622,39
17623,16
17624,28
17625,27
17626,42
17627,43
17628,6
17629,2
17630,28
17631,22
17632,8
17633,4
17634,6
17635,18
17636,20
17637,15
17638,27
17639,45
17640,26
17641,28
17642,6
17643,65
17644,42
17645,10
17646,51
17647,0
17648,31
17649,50
17650,35
17651,6
17652,28
17653,31
17654,7
17655,2
17656,45
17657,47
17658,49
17659,31
17660,49
17661,22
17662,44
17663,1
17664,16
17665,24
17666,20
17667,3
17668,26
17669,13
17670,35
17671,32
17672,38
17673,13
17674,35
17675,20
17676,35
17677,43
17678,18
17679,25
17680,42
17681,17
17682,27
17683,12
17684,12
17685,17
17686,32
17687,19
17688,32
17689,0
17690,38
17691,0
17692,12
17693,10
17694,23
17695,51
17696,31
17697,59
17698,2
17699,22
17700,55
17701,22
17702,8
17703,52
17704,33
17705,33
17706,14
17707,3
17708,3
17709,32
17710,16
17711,17
17712,25
17713,55
17714,4
17715,20
17716,4
17717,0
17718,55
17719,12
17720,42
17721,35
17722,29
17723,24
17724,63
17725,56
17726,36
17727,19
17728,61
17729,22
17730,28
17731,26
17732,36
17733,36
17734,2
17735,2
17736,28
17737,32
17738,0
17739,60
17740,49
17741,47
17742,22
17743,37
17744,9
17745,25
17746,2
17747,36
17748,2
17749,0
17750,15
17751,56
17752,29
17753,62
17754,7
17755,30
17756,43
17757,18
17758,22
17759,11
17760,9
17761,52
17762,21
17763,58
17764,58
17765,0
17766,19
17767,16
17768,4
17769,22
17770,64
17771,44
17772,46
17773,17
17774,31
17775,15
17776,14
17777,25
17778,29
17779,33
17780,60
17781,52
17782,41
17783,53
17784,0
17785,50
17786,0
17787,0
17788,6
17789,10
17790,35
17791,44
17792,5
17793,40
17794,35
17795,61
17796,36
17797,13
17798,0
17799,32
17800,16
17801,29
17802,29
17803,7
17804,8
17805,43
17806,25
17807,0
17808,28
17809,15
17810,10
17811,61
17812,12
17813,44
17814,35
17815,40
17816,29
17817,21
17818,3
17819,4
17820,3
17821,47
17822,27
17823,19
17824,65
17825,65
17826,61
17827,40
17828,58
17829,0
17830,4
17831,37
17832,56
17833,23
17834,0
17835,51
17836,3
17837,19
17838,48
17839,35
17840,1
17841,8
17842,9
17843,40
17844,32
17845,3
17846,9
17847,43
17848,13
17849,44
17850,25
17851,64
17852,24
17853,11
17854,20
17855,20
17856,2
17857,4
17858,25
17859,34
17860,5
17861,20
17862,7
17863,8
17864,37
17865,59
17866,12
17867,49
17868,51
17869,9
17870,8
17871,38
17872,32
17873,20
17874,57
17875,40
17876,0
17877,53
17878,35
17879,9
17880,51
17881,67
17882,32
17883,0
17884,5
17885,4
17886,9
17887,13
17888,45
17889,47
17890,64
17891,15
17892,17
17893,47
17894,22
17895,52
17896,4
17897,67
17898,5
17899,60
17900,15
17901,24
17902,45
17903,25
17904,24
17905,14
17906,38
17907,50
17908,29
17909,31
17910,49
17911,10
17912,36
17913,16
17914,42
17915,40
17916,49
17917,31
17918,46
17919,43
17920,29
17921,33
17922,11
17923,11
17924,0
17925,3
17926,0
17927,36
17928,9
17929,15
17930,18
17931,36
17932,22
17933,24
17934,26
17935,26
17936,64
17937,11
17938,66
17939,36
17940,38
17941,20
17942,6
17943,36
17944,30
17945,19
17946,21
17947,9
17948,20
17949,38
17950,5
17951,66
17952,66
17953,41
17954,40
17955,63
17956,39
17957,39
17958,4
17959,60
17960,36
17961,38
17962,29
17963,27
17964,7
17965,7
17966,16
17967,29
17968,8
17969,48
17970,61
17971,37
17972,6
17973,26
17974,16
17975,21
17976,3
17977,24
17978,1
17979,6
17980,1
17981,20
17982,48
17983,53
17984,34
17985,57
17986,41
17987,22
17988,65
17989,24
17990,34
17991,0
17992,43
17993,48
17994,15
17995,35
17996,12
17997,38
17998,52
17999,0
18000,49
18001,24
18002,16
18003,1
18004,55
18005,47
18006,7
18007,13
18008,40
18009,48
18010,18
18011,57
18012,52
18013,3
18014,9
18015,45
18016,37
18017,28
18018,48
18019,3
18020,2
18021,11
18022,10
18023,58
18024,45
18025,52
18026,20
18027,5
18028,12
18029,16
18030,14
18031,22
18032,65
18033,17
18034,25
18035,16
18036,5
18037,40
18038,5
18039,7
18040,65
18041,34
18042,56
18043,0
18044,7
18045,0
18046,48
18047,29
18048,40
18049,61
18050,11
18051,45
18052,5
18053,27
18054,39
18055,8
18056,62
18057,15
18058,8
18059,19
18060,8
18061,15
18062,43
18063,54
18064,20
18065,8
18066,32
18067,57
18068,29
18069,50
18070,25
18071,1
18072,44
18073,22
18074,9
18075,35
18076,18
18077,0
18078,49
18079,2
18080,64
18081,0
18082,29
18083,10
18084,24
18085,0
18086,0
18087,60
18088,63
18089,33
18090,30
18091,26
18092,13
18093,31
18094,1
18095,41
18096,22
18097,33
18098,33
18099,3
18100,14
18101,0
18102,60
18103,12
18104,57
18105,19
18106,12
18107,67
18108,30
18109,2
18110,30
18111,25
18112,13
18113,14
18114,68
18115,23
18116,34
18117,56
18118,32
18119,49
18120,40
18121,24
18122,12
18123,10
18124,56
18125,38
18126,1
18127,11
18128,26
18129,56
18130,4
18131,19
18132,15
18133,12
18134,18
18135,66
18136,23
18137,7
18138,4
18139,3
18140,21
18141,57
18142,11
18143,51
18144,28
18145,17
18146,18
18147,42
18148,20
18149,57
18150,1
18151,24
18152,55
18153,2
18154,2
18155,51
18156,49
18157,40
18158,28
18159,49
18160,55
18161,9
18162,44
18163,61
18164,49
18165,25
18166,6
18167,41
18168,12
18169,11
18170,5
18171,1
18172,58
18173,42
18174,3
18175,15
18176,49
18177,35
18178,45
18179,53
18180,3
18181,14
18182,28
18183,1
18184,37
18185,19
18186,47
18187,39
18188,2
18189,35
18190,8
18191,55
18192,57
18193,5
18194,2
18195,0
18196,59
18197,64
18198,66
18199,60
18200,7
18201,38
18202,30
18203,63
18204,33
18205,40
18206,32
18207,29
18208,26
18209,0
18210,7
18211,52
18212,22
18213,8
18214,23
18215,3
18216,47
18217,52
18218,4
18219,11
18220,3
18221,38
18222,38
18223,5
18224,17
18225,23
18226,6
18227,4
18228,55
18229,45
18230,31
18231,38
18232,18
18233,48
18234,28
18235,4
18236,4
18237,2
18238,39
18239,0
18240,19
18241,31
18242,21
18243,14
18244,34
18245,10
18246,21
18247,33
18248,16
18249,33
18250,5
18251,48
18252,63
18253,43
18254,39
18255,54
18256,1
18257,7
18258,9
18259,41
18260,3
18261,3
18262,12
18263,14
18264,6
18265,19
18266,31
18267,0
18268,9
18269,6
18270,6
18271,28
18272,0
18273,12
18274,44
18275,13
18276,17
18277,43
18278,18
18279,9
18280,24
18281,4
18282,40
18283,27
18284,1
18285,40
18286,46
18287,0
18288,2
18289,62
18290,10
18291,0
18292,42
18293,27
18294,48
18295,14
18296,38
18297,49
18298,34
18299,66
18300,51
18301,47
18302,19
18303,45
18304,15
18305,22
18306,65
18307,1
18308,2
18309,38
18310,30
18311,16
18312,11
18313,7
18314,51
18315,9
18316,59
18317,2
18318,51
18319,27
18320,39
18321,62
18322,6
18323,0
18324,67
18325,0
18326,1
18327,5
18328,56
18329,10
18330,62
18331,44
18332,26
18333,33
18334,52
18335,28
18336,53
18337,16
18338,0
18339,41
18340,43
18341,3
18342,46
18343,34
18344,60
18345,3
18346,22
18347,45
18348,34
18349,13
18350,28
18351,29
18352,15
18353,28
18354,48
18355,53
18356,16
18357,65
18358,37
18359,27
18360,10
18361,22
18362,14
18363,35
18364,32
18365,17
18366,4
18367,49
18368,47
18369,46
18370,59
18371,29
18372,3
18373,26
18374,13
18375,31
18376,31
18377,56
18378,41
18379,45
18380,57
18381,23
18382,12
18383,10
18384,5
18385,13
18386,14
18387,15
18388,9
18389,42
18390,22
18391,37
18392,20
18393,58
18394,36
18395,3
18396,58
18397,20
18398,19
18399,7
18400,1
18401,52
18402,39
18403,41
18404,29
18405,36
18406,16
18407,20
18408,22
18409,11
18410,28
18411,29
18412,16
18413,31
18414,11
18415,6
18416,36
18417,3
18418,4
18419,50
18420,49
18421,59
18422,29
18423,3
18424,60
18425,59
18426,44
18427,5
18428,15
18429,0
18430,38
18431,7
18432,60
18433,58
18434,2
18435,2
18436,67
18437,11
18438,11
18439,16
18440,37
18441,21
18442,44
18443,50
18444,17
18445,37
18446,1
18447,12
18448,27
18449,47
18450,0
18451,1
18452,24
18453,61
18454,52
18455,48
18456,48
18457,48
18458,29
18459,36
18460,32
18461,3
18462,10
18463,21
18464,7
18465,45
18466,10
18467,17
18468,28
18469,30
18470,46
18471,40
18472,27
18473,63
18474,5
18475,57
18476,14
18477,8
18478,58
18479,58
18480,58
18481,32
18482,0
18483,40
18484,38
18485,50
18486,53
18487,32
18488,24
18489,10
18490,64
18491,57
18492,64
18493,62
18494,56
18495,66
18496,25
18497,15
18498,26
18499,40
18500,29
18501,11
18502,1
18503,30
18504,32
18505,51
18506,52
18507,39
18508,17
18509,0
18510,24
18511,9
18512,63
18513,33
18514,3
18515,23
18516,23
18517,40
18518,34
18519,32
18520,63
18521,53
18522,25
18523,51
18524,10
18525,45
18526,40
18527,29
18528,42
18529,2
18530,11
18531,12
18532,63
18533,5
18534,18
18535,8
18536,54
18537,29
18538,2
18539,10
18540,0
18541,32
18542,23
18543,18
18544,15
18545,25
18546,16
18547,16
18548,13
18549,21
18550,24
18551,46
18552,3
18553,7
18554,57
18555,2
18556,38
18557,51
18558,39
18559,16
18560,53
18561,51
18562,58
18563,36
18564,52
18565,12
18566,2
18567,19
18568,50
18569,8
18570,33
18571,21
18572,7
18573,5
18574,7
18575,31
18576,25
18577,40
18578,59
18579,12
18580,53
18581,28
18582,36
18583,45
18584,21
18585,20
18586,0
18587,23
18588,2
18589,6
18590,59
18591,53
18592,65
18593,47
18594,22
18595,5
18596,22
18597,23
18598,13
18599,12
18600,4
18601,31
18602,26
18603,21
18604,19
18605,33
18606,35
18607,48
18608,50
18609,63
18610,34
18611,20
18612,55
18613,23
18614,42
18615,17
18616,48
18617,40
18618,34
18619,4
18620,30
18621,54
18622,62
18623,45
18624,13
18625,31
18626,21
18627,59
18628,9
18629,27
18630,14
18631,4
18632,62
18633,19
18634,27
18635,62
18636,7
18637,4
18638,32
18639,58
18640,39
18641,52
18642,36
18643,35
18644,5
18645,6
18646,51
18647,28
18648,61
18649,12
18650,24
18651,29
18652,54
18653,27
18654,18
18655,2
18656,48
18657,63
18658,64
18659,8
18660,5
18661,53
18662,36
18663,34
18664,26
18665,18
18666,18
18667,22
18668,14
18669,11
18670,45
18671,56
18672,0
18673,0
18674,21
18675,10
18676,26
18677,23
18678,8
18679,25
18680,67
18681,41
18682,28
18683,5
18684,6
18685,5
18686,21
18687,0
18688,9
18689,59
18690,4
18691,1
18692,38
18693,43
18694,52
18695,2
18696,1
18697,67
18698,49
18699,16
18700,16
18701,54
18702,61
18703,59
18704,28
18705,38
18706,31
18707,65
18708,37
18709,61
18710,19
18711,16
18712,12
18713,4
18714,0
18715,8
18716,43
18717,36
18718,8
18719,26
18720,28
18721,4
18722,2
18723,5
18724,42
18725,40
18726,45
18727,53
18728,28
18729,0
18730,30
18731,13
18732,24
18733,14
18734,30
18735,49
18736,41
18737,20
18738,13
18739,9
18740,17
18741,19
18742,49
18743,22
18744,29
18745,0
18746,65
18747,20
18748,46
18749,24
18750,37
18751,25
18752,48
18753,20
18754,51
18755,0
18756,0
18757,48
18758,34
18759,33
18760,56
18761,36
18762,24
18763,5
18764,36
18765,26
18766,1
18767,41
18768,30
18769,62
18770,13
18771,30
18772,14
18773,3
18774,6
18775,45
18776,48
18777,32
18778,4
18779,57
18780,18
18781,5
18782,41
18783,60
18784,50
18785,14
18786,11
18787,12
18788,20
18789,48
18790,1
18791,34
18792,26
18793,43
18794,0
18795,1
18796,4
18797,48
18798,54
18799,4
18800,52
18801,25
18802,19
18803,18
18804,9
18805,11
18806,65
18807,55
18808,3
18809,63
18810,9
18811,42
18812,55
18813,6
18814,41
18815,29
18816,5
18817,20
18818,48
18819,21
18820,0
18821,4
18822,62
18823,1
18824,2
18825,56
18826,30
18827,8
18828,24
18829,9
18830,17
18831,3
18832,17
18833,56
18834,36
18835,42
18836,45
18837,41
18838,55
18839,22
18840,41
18841,47
18842,7
18843,26
18844,37
18845,34
18846,40
18847,54
18848,24
18849,7
18850,35
18851,24
18852,19
18853,0
18854,57
18855,7
18856,43
18857,4
18858,45
18859,58
18860,27
18861,28
18862,36
18863,15
18864,25
18865,57
18866,41
18867,40
18868,20
18869,15
18870,30
18871,7
18872,33
18873,0
18874,39
18875,8
18876,0
18877,28
18878,11
18879,16
18880,22
18881,3
18882,12
18883,14
18884,28
18885,19
18886,2
18887,17
18888,2
18889,22
18890,62
18891,37
18892,8
18893,3
18894,14
18895,37
18896,0
18897,27
18898,52
18899,35
18900,38
18901,67
18902,51
18903,14
18904,31
18905,35
18906,26
18907,30
18908,26
18909,15
18910,37
18911,17
18912,23
18913,52
18914,28
18915,29
18916,60
18917,11
18918,10
18919,11
18920,3
18921,22
18922,6
18923,37
18924,6
18925,10
18926,22
18927,50
18928,53
18929,31
18930,26
18931,22
18932,8
18933,58
18934,46
18935,28
18936,18
18937,2
18938,38
18939,24
18940,12
18941,39
18942,8
18943,0
18944,13
18945,0
18946,32
18947,60
18948,0
18949,22
18950,31
18951,34
18952,60
18953,21
18954,54
18955,22
18956,14
18957,10
18958,3
18959,13
18960,13
18961,19
18962,27
18963,58
18964,16
18965,44
18966,15
18967,30
18968,24
18969,44
18970,7
18971,67
18972,31
18973,12
18974,7
18975,44
18976,51
18977,47
18978,27
18979,43
18980,40
18981,52
18982,30
18983,6
18984,27
18985,8
18986,34
18987,17
18988,32
18989,8
18990,66
18991,55
18992,24
18993,36
18994,16
18995,51
18996,33
18997,60
18998,1
18999,44
19000,0
19001,57
19002,59
19003,49
19004,24
19005,17
19006,39
19007,17
19008,32
19009,26
19010,0
19011,60
19012,5
19013,6
19014,2
19015,55
19016,11
19017,44
19018,62
19019,1
19020,30
19021,12
19022,39
19023,57
19024,32
19025,41
19026,4
19027,24
19028,11
19029,18
19030,9
19031,9
19032,50
19033,28
19034,34
19035,29
19036,43
19037,58
19038,1
19039,14
19040,5
19041,7
19042,10
19043,3
19044,7
19045,9
19046,9
19047,7
19048,3
19049,28
19050,1
19051,49
19052,35
19053,37
19054,14
19055,20
19056,50
19057,46
19058,19
19059,7
19060,60
19061,25
19062,33
19063,63
19064,19
19065,0
19066,5
19067,48
19068,0
19069,10
19070,33
19071,11
19072,24
19073,21
19074,1
19075,12
19076,0
19077,60
19078,11
19079,25
19080,11
19081,47
19082,49
19083,23
19084,0
19085,0
19086,18
19087,35
19088,35
19089,38
19090,38
19091,2
19092,19
19093,52
19094,36
19095,20
19096,11
19097,6
19098,2
19099,4
19100,26
19101,65
19102,8
19103,19
19104,13
19105,61
19106,35
19107,13
19108,9
19109,42
19110,24
19111,55
19112,10
19113,21
19114,7
19115,60
19116,15
19117,40
19118,26
19119,10
19120,47
19121,41
19122,27
19123,30
19124,8
19125,66
19126,6
19127,30
19128,6
19129,20
19130,0
19131,12
19132,7
19133,31
19134,38
19135,21
19136,56
19137,3
19138,50
19139,49
19140,19
19141,7
19142,0
19143,26
19144,8
19145,32
19146,0
19147,5
19148,43
19149,32
19150,5
19151,60
19152,36
19153,1
19154,25
19155,30
19156,33
19157,11
19158,44
19159,3
19160,11
19161,51
19162,24
19163,18
19164,17
19165,10
19166,2
19167,24
19168,22
19169,46
19170,52
19171,42
19172,42
19173,4
19174,1
19175,8
19176,19
19177,2
19178,5
19179,65
19180,36
19181,23
19182,8
19183,9
19184,17
19185,22
19186,1
19187,34
19188,0
19189,18
19190,6
19191,52
19192,17
19193,25
19194,25
19195,20
19196,30
19197,2
19198,34
19199,1
19200,40
19201,12
19202,54
19203,41
19204,19
19205,19
19206,32
19207,52
19208,23
19209,46
19210,7
19211,16
19212,32
19213,31
19214,26
19215,1
19216,4
19217,29
19218,12
19219,37
19220,12
19221,28
19222,55
19223,15
19224,38
19225,10
19226,56
19227,17
19228,29
19229,13
19230,7
19231,44
19232,33
19233,20
19234,4
19235,64
19236,31
19237,47
19238,16
19239,17
19240,30
19241,5
19242,7
19243,16
19244,23
19245,29
19246,4
19247,38
19248,55
19249,35
19250,24
19251,41
19252,53
19253,18
19254,0
19255,1
19256,42
19257,5
19258,30
19259,50
19260,65
19261,24
19262,35
19263,4
19264,17
19265,23
19266,16
19267,53
19268,36
19269,48
19270,42
19271,43
19272,2
19273,34
19274,20
19275,56
19276,17
19277,6
19278,22
19279,53
19280,9
19281,3
19282,54
19283,22
19284,42
19285,25
19286,55
19287,57
19288,59
19289,30
19290,24
19291,51
19292,2
19293,43
19294,18
19295,11
19296,1
19297,25
19298,57
19299,10
19300,5
19301,27
19302,16
19303,0
19304,54
19305,47
19306,14
19307,7
19308,3
19309,51
19310,37
19311,21
19312,34
19313,32
19314,36
19315,63
19316,38
19317,4
19318,12
19319,42
19320,13
19321,46
19322,28
19323,0
19324,60
19325,22
19326,12
19327,10
19328,40
19329,48
19330,53
19331,3
19332,60
19333,15
19334,37
19335,42
19336,7
19337,45
19338,45
19339,57
19340,6
19341,2
19342,25
19343,5
19344,10
19345,12
19346,33
19347,33
19348,0
19349,53
19350,34
19351,49
19352,22
19353,45
19354,16
19355,29
19356,64
19357,7
19358,34
19359,7
19360,61
19361,17
19362,65
19363,44
19364,22
19365,21
19366,55
19367,44
19368,20
19369,62
19370,20
19371,47
19372,9
19373,18
19374,36
19375,10
19376,20
19377,46
19378,58
19379,7
19380,49
19381,10
19382,52
19383,61
19384,36
19385,61
19386,39
19387,42
19388,31
19389,37
19390,33
19391,49
19392,35
19393,55
19394,37
19395,12
19396,13
19397,44
19398,32
19399,1
19400,52
19401,51
19402,15
19403,54
19404,41
19405,54
19406,24
19407,58
19408,17
19409,30
19410,38
19411,6
19412,5
19413,34
19414,6
19415,0
19416,5
19417,16
19418,23
19419,48
19420,14
19421,52
19422,36
19423,24
19424,37
19425,64
19426,42
19427,14
19428,61
19429,40
19430,30
19431,0
19432,2
19433,20
19434,6
19435,3
19436,66
19437,31
19438,28
19439,3
19440,5
19441,8
19442,7
19443,45
19444,30
19445,38
19446,2
19447,54
19448,9
19449,63
19450,12
19451,29
19452,9
19453,2
19454,1
19455,14
19456,51
19457,8
19458,51
19459,55
19460,16
19461,9
19462,12
19463,13
19464,24
19465,32
19466,9
19467,18
19468,13
19469,42
19470,2
19471,29
19472,14
19473,5
19474,9
19475,28
19476,24
19477,48
19478,38
19479,11
19480,32
19481,2
19482,22
19483,23
19484,15
19485,29
19486,59
19487,16
19488,55
19489,60
19490,29
19491,14
19492,47
19493,33
19494,18
19495,12
19496,46
19497,0
19498,4
19499,16
19500,49
19501,40
19502,56
19503,5
19504,24
19505,13
19506,40
19507,41
19508,1
19509,25
19510,47
19511,13
19512,16
19513,9
19514,40
19515,29
19516,50
19517,0
19518,58
19519,64
19520,16
19521,46
19522,1
19523,16
19524,0
19525,28
19526,57
19527,47
19528,17
19529,8
19530,30
19531,27
19532,20
19533,15
19534,5
19535,4
19536,10
19537,21
19538,5
19539,53
19540,53
19541,23
19542,14
19543,9
19544,14
19545,51
19546,0
19547,16
19548,42
19549,60
19550,13
19551,33
19552,21
19553,10
19554,58
19555,2
19556,58
19557,25
19558,17
19559,11
19560,15
19561,25
19562,65
19563,58
19564,0
19565,0
19566,62
19567,28
19568,38
19569,5
19570,20
19571,17
19572,21
19573,38
19574,30
19575,15
19576,21
19577,65
19578,6
19579,7
19580,33
19581,0
19582,24
19583,4
19584,0
19585,8
19586,43
19587,61
19588,35
19589,8
19590,24
19591,0
19592,51
19593,28
19594,45
19595,52
19596,7
19597,13
19598,4
19599,36
19600,50
19601,38
19602,49
19603,59
19604,25
19605,24
19606,16
19607,48
19608,3
19609,8
19610,6
19611,38
19612,54
19613,18
19614,51
19615,33
19616,51
19617,52
19618,2
19619,65
19620,23
19621,41
19622,28
19623,1
19624,46
19625,0
19626,33
19627,50
19628,24
19629,22
19630,28
19631,49
19632,35
19633,2
19634,2
19635,57
19636,7
19637,21
19638,51
19639,29
19640,60
19641,3
19642,47
19643,49
19644,42
19645,26
19646,62
19647,39
19648,22
19649,16
19650,0
19651,16
19652,43
19653,17
19654,38
19655,26
19656,49
19657,8
19658,6
19659,31
19660,38
19661,17
19662,43
19663,43
19664,16
19665,24
19666,21
19667,58
19668,18
19669,21
19670,49
19671,38
19672,56
19673,58
19674,38
19675,1
19676,28
19677,10
19678,0
19679,8
19680,14
19681,4
19682,31
19683,53
19684,49
19685,16
19686,16
19687,43
19688,8
19689,62
19690,57
19691,6
19692,61
19693,25
19694,20
19695,33
19696,0
19697,59
19698,26
19699,28
19700,1
19701,50
19702,33
19703,1
19704,47
19705,65
19706,12
19707,41
19708,16
19709,63
19710,42
19711,7
19712,55
19713,31
19714,34
19715,19
19716,23
19717,0
19718,11
19719,25
19720,46
19721,44
19722,10
19723,46
19724,16
19725,4
19726,12
19727,2
19728,47
19729,8
19730,64
19731,1
19732,56
19733,4
19734,48
19735,42
19736,1
19737,65
19738,18
19739,3
19740,14
19741,12
19742,48
19743,67
19744,0
19745,11
19746,7
19747,21
19748,22
19749,9
19750,30
19751,58
19752,0
19753,58
19754,1
19755,9
19756,2
19757,19
19758,5
19759,5
19760,18
19761,11
19762,30
19763,43
19764,6
19765,35
19766,58
19767,41
19768,54
19769,8
19770,3
19771,0
19772,58
19773,32
19774,0
19775,38
19776,32
19777,44
19778,11
19779,19
19780,37
19781,20
19782,27
19783,1
19784,3
19785,53
19786,30
19787,44
19788,3
19789,5
19790,15
19791,4
19792,3
19793,0
19794,34
19795,24
19796,8
19797,63
19798,24
19799,45
19800,24
19801,26
19802,44
19803,2
19804,39
19805,32
19806,9
19807,42
19808,63
19809,38
19810,10
19811,4
19812,12
19813,29
19814,59
19815,16
19816,9
19817,14
19818,34
19819,25
19820,10
19821,8
19822,40
19823,22
19824,36
19825,15
19826,64
19827,62
19828,37
19829,37
19830,5
19831,61
19832,5
19833,13
19834,54
19835,51
19836,40
19837,18
19838,25
19839,25
19840,8
19841,32
19842,57
19843,3
19844,51
19845,29
19846,36
19847,14
19848,37
19849,11
19850,63
19851,14
19852,13
19853,40
19854,16
19855,6
19856,0
19857,20
19858,14
19859,54
19860,6
19861,3
19862,15
19863,3
19864,31
19865,33
19866,10
19867,45
19868,6
19869,52
19870,41
19871,39
19872,23
19873,64
19874,20
19875,17
19876,40
19877,6
19878,4
19879,48
19880,41
19881,4
19882,0
19883,21
19884,22
19885,9
19886,13
19887,14
19888,20
19889,31
19890,58
19891,49
19892,14
19893,36
19894,17
19895,51
19896,30
19897,12
19898,63
19899,39
19900,40
19901,11
19902,43
19903,40
19904,2
19905,36
19906,5
19907,0
19908,32
19909,60
19910,3
19911,13
19912,43
19913,16
19914,21
19915,40
19916,20
19917,5
19918,21
19919,34
19920,50
19921,15
19922,22
19923,31
19924,52
19925,28
19926,41
19927,0
19928,39
19929,0
19930,36
19931,48
19932,45
19933,28
19934,60
19935,48
19936,19
19937,0
19938,23
19939,27
19940,6
19941,41
19942,54
19943,47
19944,44
19945,0
19946,8
19947,12
19948,12
19949,37
19950,23
19951,3
19952,43
19953,46
19954,45
19955,49
19956,19
19957,40
19958,21
19959,0
19960,37
19961,15
19962,8
19963,33
19964,60
19965,3
19966,11
19967,8
19968,13
19969,47
19970,8
19971,21
19972,28
19973,26
19974,47
19975,3
19976,44
19977,22
19978,51
19979,46
19980,33
19981,6
19982,16
19983,45
19984,24
19985,12
19986,27
19987,42
19988,41
19989,2
19990,13
19991,23
19992,66
19993,14
19994,1
19995,25
19996,21
19997,51
19998,44
19999,15
20000,21
20001,29
20002,38
20003,28
20004,51
20005,60
20006,23
20007,43
20008,54
20009,6
20010,5
20011,10
20012,44
20013,38
20014,5
20015,63
20016,3
20017,65
20018,16
20019,18
20020,19
20021,14
20022,4
20023,25
20024,24
20025,26
20026,49
20027,20
20028,45
20029,37
20030,51
20031,48
20032,23
20033,54
20034,21
20035,37
20036,38
20037,48
20038,52
20039,36
20040,60
20041,12
20042,0
20043,11
20044,21
20045,32
20046,55
20047,0
20048,21
20049,47
20050,16
20051,3
20052,40
20053,21
20054,27
20055,52
20056,56
20057,56
20058,5
20059,46
20060,41
20061,20
20062,26
20063,51
20064,24
20065,64
20066,19
20067,46
20068,11
20069,38
20070,57
20071,52
20072,33
20073,42
20074,43
20075,44
20076,14
20077,56
20078,27
20079,40
20080,24
20081,61
20082,4
20083,49
20084,28
20085,4
20086,1
20087,7
20088,24
20089,5
20090,20
20091,43
20092,9
20093,23
20094,14
20095,58
20096,52
20097,37
20098,0
20099,25
20100,30
20101,41
20102,65
20103,1
20104,33
20105,30
20106,37
20107,6
20108,25
20109,42
20110,36
20111,20
20112,5
20113,30
20114,8
20115,65
20116,56
20117,1
20118,36
20119,48
20120,23
20121,27
20122,64
20123,1
20124,42
20125,61
20126,10
20127,21
20128,34
20129,55
20130,43
20131,66
20132,15
20133,39
20134,50
20135,53
20136,8
20137,37
20138,52
20139,38
20140,5
20141,18
20142,51
20143,17
20144,27
20145,28
20146,36
20147,55
20148,18
20149,26
20150,49
20151,22
20152,22
20153,33
20154,25
20155,23
20156,5
20157,42
20158,48
20159,0
20160,27
20161,2
20162,38
20163,59
20164,24
20165,0
20166,32
20167,0
20168,67
20169,41
20170,51
20171,29
20172,19
20173,23
20174,40
20175,35
20176,44
20177,1
20178,48
20179,23
20180,18
20181,47
20182,47
20183,16
20184,38
20185,12
20186,1
20187,15
20188,30
20189,38
20190,47
20191,62
20192,38
20193,42
20194,54
20195,28
20196,52
20197,41
20198,66
20199,9
20200,66
20201,45
20202,1
20203,6
20204,13
20205,3
20206,38
20207,62
20208,5
20209,16
20210,35
20211,46
20212,15
20213,43
20214,50
20215,20
20216,8
20217,21
20218,54
20219,9
20220,33
20221,66
20222,0
20223,37
20224,21
20225,39
20226,54
20227,48
20228,16
20229,7
20230,36
20231,29
20232,3
20233,42
20234,2
20235,21
20236,20
20237,33
20238,15
20239,55
20240,20
20241,1
20242,41
20243,18
20244,35
20245,10
20246,4
20247,20
20248,14
20249,0
20250,46
20251,61
20252,58
20253,37
20254,4
20255,28
20256,42
20257,52
20258,50
20259,6
20260,38
20261,16
20262,23
20263,34
20264,46
20265,30
20266,34
20267,67
20268,37
20269,32
20270,8
20271,1
20272,56
20273,26
20274,60
20275,35
20276,6
20277,16
20278,36
20279,21
20280,31
20281,49
20282,17
20283,60
20284,58
20285,22
20286,45
20287,14
20288,13
20289,5
20290,21
20291,6
20292,11
20293,20
20294,7
20295,0
20296,50
20297,15
20298,57
20299,16
20300,8
20301,28
20302,31
20303,19
20304,51
20305,12
20306,5
20307,1
20308,29
20309,64
20310,45
20311,28
20312,12
20313,40
20314,6
20315,0
20316,20
20317,53
20318,49
20319,1
20320,1
20321,28
20322,21
20323,32
20324,17
20325,10
20326,12
20327,1
20328,55
20329,26
20330,36
20331,11
20332,11
20333,36
20334,28
20335,46
20336,67
20337,6
20338,3
20339,53
20340,45
20341,26
20342,0
20343,14
20344,15
20345,58
20346,24
20347,14
20348,14
20349,50
20350,57
20351,45
20352,0
20353,13
20354,8
20355,5
20356,40
20357,20
20358,4
20359,2
20360,34
20361,13
20362,14
20363,3
20364,23
20365,51
20366,55
20367,45
20368,15
20369,27
20370,28
20371,30
20372,32
20373,43
20374,54
20375,10
20376,44
20377,14
20378,44
20379,14
20380,51
20381,20
20382,8
20383,0
20384,12
20385,12
20386,7
20387,17
20388,1
20389,64
20390,50
20391,11
20392,13
20393,9
20394,62
20395,51
20396,17
20397,41
20398,18
20399,5
20400,8
20401,8
20402,21
20403,0
20404,16
20405,4
20406,43
20407,8
20408,10
20409,63
20410,12
20411,36
20412,9
20413,9
20414,8
20415,1
20416,41
20417,44
20418,16
20419,24
20420,18
20421,45
20422,0
20423,56
20424,46
20425,40
20426,21
20427,62
20428,13
20429,41
20430,16
20431,7
20432,15
20433,0
20434,11
20435,15
20436,55
20437,6
20438,59
20439,56
20440,30
20441,9
20442,3
20443,16
20444,45
20445,45
20446,9
20447,10
20448,27
20449,25
20450,1
20451,4
20452,6
20453,9
20454,0
20455,36
20456,4
20457,1
20458,4
20459,13
20460,49
20461,36
20462,67
20463,66
20464,1
20465,48
20466,44
20467,21
20468,65
20469,8
20470,2
20471,15
20472,1
20473,35
20474,38
20475,19
20476,27
20477,38
20478,46
20479,34
20480,7
20481,14
20482,46
20483,30
20484,11
20485,20
20486,39
20487,4
20488,40
20489,48
20490,4
20491,3
20492,9
20493,31
20494,4
20495,4
20496,24
20497,5
20498,43
20499,66
20500,47
20501,10
20502,0
20503,26
20504,7
20505,37
20506,55
20507,44
20508,0
20509,44
20510,5
20511,11
20512,26
20513,16
20514,35
20515,46
20516,44
20517,59
20518,30
20519,50
20520,40
20521,61
20522,66
20523,1
20524,23
20525,41
20526,62
20527,2
20528,36
20529,22
20530,3
20531,0
20532,44
20533,23
20534,52
20535,1
20536,14
20537,52
20538,54
20539,46
20540,4
20541,54
20542,0
20543,16
20544,43
20545,20
20546,50
20547,64
20548,7
20549,44
20550,34
20551,6
20552,29
20553,25
20554,18
20555,40
20556,3
20557,32
20558,27
20559,67
20560,2
20561,18
20562,42
20563,37
20564,11
20565,48
20566,2
20567,56
20568,4
20569,56
20570,54
20571,44
20572,17
20573,40
20574,9
20575,36
20576,31
20577,49
20578,26
20579,47
20580,22
20581,8
20582,33
20583,33
20584,11
20585,61
20586,19
20587,28
20588,65
20589,30
20590,19
20591,35
20592,7
20593,29
20594,0
20595,15
20596,40
20597,22
20598,0
20599,47
20600,26
20601,5
20602,33
20603,32
20604,26
20605,55
20606,56
20607,6
20608,58
20609,45
20610,40
20611,0
20612,55
20613,6
20614,11
20615,54
20616,8
20617,5
20618,16
20619,23
20620,59
20621,27
20622,29
20623,58
20624,0
20625,33
20626,67
20627,0
20628,13
20629,38
20630,13
20631,18
20632,57
20633,36
20634,54
20635,5
20636,19
20637,11
20638,0
20639,10
20640,56
20641,25
20642,35
20643,7
20644,14
20645,33
20646,26
20647,5
20648,15
20649,5
20650,55
20651,62
20652,15
20653,28
20654,40
20655,28
20656,32
20657,56
20658,3
20659,13
20660,10
20661,1
20662,8
20663,14
20664,0
20665,66
20666,56
20667,4
20668,34
20669,12
20670,25
20671,67
20672,28
20673,31
20674,12
20675,34
20676,14
20677,24
20678,40
20679,12
20680,59
20681,49
20682,18
20683,15
20684,36
20685,3
20686,31
20687,39
20688,49
20689,18
20690,3
20691,39
20692,60
20693,29
20694,14
20695,19
20696,20
20697,57
20698,47
20699,47
20700,33
20701,25
20702,45
20703,24
20704,6
20705,13
20706,19
20707,66
20708,40
20709,9
20710,4
20711,25
20712,4
20713,58
20714,42
20715,36
20716,15
20717,61
20718,2
20719,1
20720,48
20721,16
20722,41
20723,43
20724,0
20725,32
20726,15
20727,53
20728,10
20729,17
20730,32
20731,33
20732,32
20733,21
20734,13
20735,12
20736,8
20737,20
20738,17
20739,55
20740,34
20741,49
20742,63
20743,6
20744,15
20745,6
20746,9
20747,17
20748,43
20749,21
20750,1
20751,55
20752,7
20753,28
20754,52
20755,56
20756,17
20757,49
20758,45
20759,20
20760,3
20761,28
20762,17
20763,27
20764,50
20765,23
20766,8
20767,58
20768,63
20769,10
20770,18
20771,65
20772,25
20773,16
20774,35
20775,4
20776,66
20777,8
20778,7
20779,30
20780,62
20781,56
20782,38
20783,12
20784,56
20785,5
20786,46
20787,48
20788,68
20789,4
20790,39
20791,4
20792,32
20793,8
20794,28
20795,46
20796,50
20797,17
20798,43
20799,55
20800,8
20801,33
20802,48
20803,18
20804,31
20805,46
20806,1
20807,22
20808,45
20809,46
20810,46
20811,6
20812,13
20813,15
20814,8
20815,16
20816,62
20817,12
20818,11
20819,17
20820,2
20821,27
20822,24
20823,1
20824,59
20825,47
20826,34
20827,43
20828,11
20829,12
20830,35
20831,48
20832,51
20833,56
20834,33
20835,13
20836,25
20837,19
20838,37
20839,19
20840,43
20841,29
20842,19
20843,18
20844,50
20845,19
20846,23
20847,10
20848,11
20849,12
20850,24
20851,56
20852,53
20853,3
20854,19
20855,44
20856,26
20857,50
20858,20
20859,37
20860,1
20861,57
20862,65
20863,2
20864,28
20865,38
20866,56
20867,59
20868,14
20869,68
20870,50
20871,12
20872,56
20873,9
20874,23
20875,5
20876,22
20877,66
20878,22
20879,46
20880,5
20881,47
20882,38
20883,67
20884,27
20885,49
20886,8
20887,46
20888,22
20889,10
20890,14
20891,23
20892,21
20893,52
20894,24
20895,26
20896,32
20897,41
20898,13
20899,39
20900,20
20901,35
20902,48
20903,42
20904,0
20905,54
20906,58
20907,9
20908,50
20909,51
20910,50
20911,56
20912,27
20913,22
20914,30
20915,11
20916,39
20917,5
20918,0
20919,46
20920,3
20921,56
20922,21
20923,46
20924,18
20925,47
20926,53
20927,21
20928,65
20929,31
20930,12
20931,37
20932,27
20933,27
20934,41
20935,24
20936,23
20937,33
20938,44
20939,30
20940,67
20941,14
20942,54
20943,51
20944,14
20945,33
20946,28
20947,7
20948,5
20949,12
20950,34
20951,17
20952,32
20953,0
20954,58
20955,3
20956,7
20957,19
20958,19
20959,45
20960,58
20961,11
20962,4
20963,26
20964,4
20965,23
20966,42
20967,43
20968,35
20969,18
20970,39
20971,24
20972,3
20973,14
20974,1
20975,53
20976,23
20977,26
20978,49
20979,3
20980,19
20981,50
20982,54
20983,18
20984,36
20985,1
20986,21
20987,0
20988,8
20989,60
20990,4
20991,23
20992,42
20993,17
20994,31
20995,34
20996,23
20997,30
20998,18
20999,28
21000,47
21001,18
21002,45
21003,65
21004,22
21005,4
21006,23
21007,50
21008,48
21009,0
21010,31
21011,28
21012,65
21013,32
21014,3
21015,47
21016,2
21017,58
21018,42
21019,20
21020,12
21021,20
21022,33
21023,4
21024,43
21025,31
21026,64
21027,1
21028,14
21029,8
21030,54
21031,44
21032,2
21033,10
21034,2
21035,18
21036,58
21037,26
21038,35
21039,22
21040,7
21041,7
21042,8
21043,51
21044,54
21045,32
21046,6
21047,12
21048,44
21049,40
21050,56
21051,61
21052,12
21053,43
21054,9
21055,40
21056,13
21057,15
21058,10
21059,29
21060,8
21061,19
21062,4
21063,18
21064,47
21065,49
21066,0
21067,9
21068,49
21069,55
21070,52
21071,21
21072,9
21073,25
21074,18
21075,65
21076,66
21077,29
21078,27
21079,18
21080,55
21081,62
21082,32
21083,8
21084,0
21085,2
21086,33
21087,5
21088,1
21089,27
21090,10
21091,22
21092,28
21093,19
21094,26
21095,19
21096,23
21097,15
21098,18
21099,11
21100,32
21101,30
21102,17
21103,11
21104,1
21105,45
21106,23
21107,5
21108,68
21109,55
21110,34
21111,34
21112,54
21113,26
21114,25
21115,64
21116,43
21117,22
21118,45
21119,67
21120,47
21121,22
21122,0
21123,50
21124,19
21125,45
21126,2
21127,10
21128,19
21129,6
21130,9
21131,56
21132,9
21133,0
21134,58
21135,2
21136,29
21137,62
21138,64
21139,6
21140,23
21141,36
21142,43
21143,24
21144,5
21145,46
21146,0
21147,52
21148,64
21149,18
21150,34
21151,2
21152,51
21153,36
21154,41
21155,6
21156,38
21157,27
21158,52
21159,46
21160,9
21161,14
21162,27
21163,15
21164,7
21165,3
21166,10
21167,63
21168,6
21169,30
21170,1
21171,1
21172,57
21173,42
21174,17
21175,10
21176,3
21177,41
21178,17
21179,19
21180,44
21181,35
21182,22
21183,8
21184,9
21185,3
21186,49
21187,6
21188,16
21189,47
21190,22
21191,0
21192,36
21193,13
21194,5
21195,23
21196,65
21197,14
21198,36
21199,45
21200,67
21201,33
21202,46
21203,0
21204,67
21205,9
21206,36
21207,25
21208,68
21209,19
21210,47
21211,26
21212,30
21213,40
21214,50
21215,7
21216,23
21217,16
21218,4
21219,24
21220,22
21221,48
21222,20
21223,19
21224,47
21225,40
21226,40
21227,19
21228,2
21229,40
21230,0
21231,15
21232,34
21233,39
21234,32
21235,14
21236,1
21237,0
21238,14
21239,36
21240,17
21241,25
21242,9
21243,13
21244,36
21245,67
21246,45
21247,67
21248,2
21249,54
21250,24
21251,53
21252,18
21253,7
21254,5
21255,24
21256,28
21257,12
21258,32
21259,20
21260,11
21261,4
21262,25
21263,6
21264,6
21265,3
21266,39
21267,25
21268,11
21269,30
21270,60
21271,4
21272,32
21273,4
21274,38
21275,1
21276,27
21277,14
21278,22
21279,20
21280,25
21281,4
21282,47
21283,34
21284,35
21285,32
21286,5
21287,35
21288,23
21289,56
21290,27
21291,62
21292,7
21293,38
21294,22
21295,10
21296,53
21297,21
21298,15
21299,58
21300,66
21301,60
21302,67
21303,17
21304,8
21305,45
21306,35
21307,18
21308,32
21309,16
21310,25
21311,1
21312,20
21313,27
21314,29
21315,55
21316,1
21317,29
21318,44
21319,30
21320,47
21321,32
21322,17
21323,48
21324,14
21325,38
21326,10
21327,59
21328,27
21329,27
21330,25
21331,64
21332,48
21333,43
21334,57
21335,7
21336,28
21337,32
21338,27
21339,49
21340,49
21341,17
21342,44
21343,29
21344,0
21345,67
21346,23
21347,0
21348,29
21349,3
21350,14
21351,4
21352,29
21353,37
21354,12
21355,59
21356,0
21357,15
21358,32
21359,53
21360,9
21361,46
21362,6
21363,43
21364,33
21365,1
21366,2
21367,20
21368,63
21369,3
21370,14
21371,9
21372,28
21373,38
21374,53
21375,53
21376,49
21377,23
21378,47
21379,47
21380,24
21381,45
21382,8
21383,34
21384,11
21385,20
21386,9
21387,2
21388,9
21389,51
21390,4
21391,15
21392,65
21393,35
21394,14
21395,16
21396,3
21397,11
21398,29
21399,7
21400,38
21401,40
21402,49
21403,3
21404,65
21405,15
21406,19
21407,5
21408,32
21409,9
21410,32
21411,14
21412,30
21413,11
21414,30
21415,0
21416,34
21417,60
21418,15
21419,20
21420,24
21421,50
21422,45
21423,15
21424,50
21425,4
21426,9
21427,39
21428,0
21429,49
21430,15
21431,32
21432,5
21433,3
21434,10
21435,45
21436,16
21437,54
21438,30
21439,0
21440,52
21441,9
21442,37
21443,23
21444,5
21445,17
21446,18
21447,12
21448,14
21449,17
21450,2
21451,63
21452,33
21453,7
21454,65
21455,1
21456,21
21457,26
21458,53
21459,10
21460,13
21461,0
21462,8
21463,30
21464,19
21465,0
21466,59
21467,61
21468,3
21469,20
21470,57
21471,25
21472,0
21473,9
21474,48
21475,65
21476,52
21477,36
21478,10
21479,35
21480,0
21481,63
21482,32
21483,10
21484,14
21485,13
21486,5
21487,1
21488,58
21489,4
21490,27
21491,20
21492,15
21493,37
21494,0
21495,47
21496,57
21497,66
21498,36
21499,43
21500,57
21501,19
21502,5
21503,34
21504,30
21505,11
21506,16
21507,47
21508,28
21509,10
21510,9
21511,16
21512,61
21513,55
21514,31
21515,35
21516,15
21517,28
21518,1
21519,40
21520,33
21521,0
21522,41
21523,55
21524,5
21525,49
21526,41
21527,50
21528,18
21529,24
21530,57
21531,43
21532,17
21533,24
21534,29
21535,23
21536,28
21537,0
21538,24
21539,12
21540,2
21541,19
21542,12
21543,21
21544,0
21545,16
21546,53
21547,54
21548,36
21549,55
21550,12
21551,11
21552,63
21553,29
21554,38
21555,14
21556,43
21557,40
21558,6
21559,53
21560,56
21561,60
21562,0
21563,51
21564,40
21565,24
21566,54
21567,11
21568,63
21569,54
21570,32
21571,43
21572,56
21573,35
21574,18
21575,5
21576,8
21577,11
21578,14
21579,7
21580,62
21581,3
21582,27
21583,36
21584,64
21585,22
21586,31
21587,10
21588,0
21589,34
21590,8
21591,10
21592,54
21593,4
21594,0
21595,9
21596,60
21597,39
21598,43
21599,22
21600,0
21601,3
21602,14
21603,7
21604,66
21605,29
21606,0
21607,5
21608,27
21609,59
21610,57
21611,8
21612,9
21613,4
21614,27
21615,48
21616,3
21617,0
21618,14
21619,14
21620,9
21621,3
21622,66
21623,57
21624,6
21625,21
21626,40
21627,6
21628,41
21629,47
21630,44
21631,24
21632,47
21633,10
21634,18
21635,58
21636,32
21637,45
21638,37
21639,7
21640,66
21641,9
21642,24
21643,26
21644,3
21645,3
21646,14
21647,67
21648,5
21649,0
21650,9
21651,51
21652,41
21653,28
21654,22
21655,18
21656,24
21657,21
21658,3
21659,0
21660,0
21661,38
21662,10
21663,63
21664,0
21665,45
21666,23
21667,12
21668,50
21669,5
21670,10
21671,61
21672,29
21673,51
21674,64
21675,39
21676,65
21677,23
21678,55
21679,15
21680,14
21681,39
21682,1
21683,5
21684,28
21685,25
21686,35
21687,1
21688,0
21689,34
21690,6
21691,10
21692,54
21693,30
21694,53
21695,12
21696,11
21697,0
21698,55
21699,20
21700,11
21701,42
21702,11
21703,36
21704,15
21705,23
21706,18
21707,51
21708,50
21709,4
21710,60
21711,24
21712,45
21713,21
21714,19
21715,0
21716,35
21717,38
21718,21
21719,33
21720,41
21721,61
21722,41
21723,63
21724,23
21725,3
21726,1
21727,33
21728,5
21729,1
21730,35
21731,42
21732,49
21733,27
21734,43
21735,64
21736,19
21737,56
21738,33
21739,40
21740,0
21741,1
21742,26
21743,4
21744,8
21745,29
21746,50
21747,47
21748,26
21749,27
21750,21
21751,62
21752,10
21753,53
21754,48
21755,1
21756,11
21757,36
21758,21
21759,27
21760,4
21761,58
21762,50
21763,0
21764,67
21765,52
21766,14
21767,2
21768,0
21769,5
21770,11
21771,18
21772,49
21773,13
21774,12
21775,6
21776,11
21777,47
21778,3
21779,66
21780,54
21781,16
21782,4
21783,44
21784,43
21785,7
21786,28
21787,1
21788,8
21789,8
21790,4
21791,55
21792,42
21793,16
21794,41
21795,21
21796,45
21797,1
21798,53
21799,2
21800,44
21801,10
21802,47
21803,39
21804,39
21805,7
21806,56
21807,34
21808,5
21809,52
21810,44
21811,60
21812,41
21813,18
21814,29
21815,6
21816,18
21817,1
21818,30
21819,27
21820,65
21821,24
21822,50
21823,50
21824,18
21825,26
21826,25
21827,50
21828,43
21829,45
21830,25
21831,23
21832,3
21833,13
21834,0
21835,27
21836,14
21837,53
21838,15
21839,31
21840,28
21841,15
21842,47
21843,56
21844,35
21845,48
21846,66
21847,22
21848,54
21849,30
21850,37
21851,42
21852,52
21853,18
21854,30
21855,21
21856,20
21857,10
21858,19
21859,48
21860,7
21861,9
21862,32
21863,66
21864,3
21865,55
21866,59
21867,29
21868,0
21869,60
21870,14
21871,64
21872,23
21873,17
21874,44
21875,3
21876,31
21877,4
21878,29
21879,46
21880,4
21881,54
21882,13
21883,34
21884,56
21885,44
21886,40
21887,26
21888,3
21889,31
21890,25
21891,50
21892,25
21893,50
21894,59
21895,55
21896,35
21897,26
21898,29
21899,2
21900,53
21901,18
21902,32
21903,52
21904,1
21905,39
21906,54
21907,51
21908,21
21909,6
21910,24
21911,34
21912,33
21913,4
21914,66
21915,60
21916,60
21917,41
21918,47
21919,52
21920,19
21921,28
21922,26
21923,3
21924,57
21925,25
21926,5
21927,5
21928,49
21929,2
21930,28
21931,13
21932,43
21933,35
21934,46
21935,33
21936,9
21937,56
21938,59
21939,26
21940,49
21941,49
21942,18
21943,33
21944,11
21945,60
21946,0
21947,60
21948,36
21949,43
21950,37
21951,18
21952,38
21953,26
21954,44
21955,8
21956,9
21957,16
21958,0
21959,23
21960,11
21961,52
21962,23
21963,3
21964,65
21965,12
21966,4
21967,47
21968,14
21969,6
21970,53
21971,36
21972,18
21973,21
21974,47
21975,12
21976,65
21977,66
21978,66
21979,48
21980,0
21981,13
21982,5
21983,31
21984,32
21985,57
21986,1
21987,1
21988,58
21989,60
21990,14
21991,24
21992,42
21993,28
21994,21
21995,21
21996,62
21997,0
21998,0
21999,45
22000,16
22001,27
22002,42
22003,42
22004,40
22005,1
22006,27
22007,16
22008,53
22009,8
22010,0
22011,18
22012,1
22013,18
22014,32
22015,17
22016,29
22017,14
22018,54
22019,54
22020,32
22021,16
22022,24
22023,41
22024,12
22025,3
22026,16
22027,28
22028,39
22029,19
22030,44
22031,8
22032,65
22033,5
22034,4
22035,13
22036,50
22037,54
22038,40
22039,2
22040,14
22041,49
22042,34
22043,56
22044,26
22045,28
22046,9
22047,18
22048,56
22049,9
22050,6
22051,1
22052,54
22053,46
22054,29
22055,30
22056,33
22057,9
22058,30
22059,4
22060,1
22061,49
22062,66
22063,4
22064,20
22065,20
22066,8
22067,14
22068,0
22069,33
22070,36
22071,59
22072,57
22073,35
22074,34
22075,8
22076,6
22077,19
22078,14
22079,32
22080,8
22081,28
22082,29
22083,16
22084,43
22085,29
22086,0
22087,16
22088,4
22089,37
22090,4
22091,9
22092,2
22093,18
22094,19
22095,23
22096,41
22097,20
22098,30
22099,7
22100,21
22101,17
22102,50
22103,5
22104,4
22105,20
22106,12
22107,10
22108,0
22109,36
22110,42
22111,1
22112,1
22113,10
22114,1
22115,46
22116,60
22117,27
22118,38
22119,49
22120,63
22121,1
22122,34
22123,13
22124,8
22125,55
22126,45
22127,1
22128,26
22129,43
22130,20
22131,42
22132,3
22133,38
22134,9
22135,40
22136,51
22137,23
22138,25
22139,51
22140,40
22141,38
22142,47
22143,7
22144,16
22145,4
22146,12
22147,19
22148,17
22149,27
22150,23
22151,57
22152,0
22153,13
22154,59
22155,27
22156,51
22157,49
22158,10
22159,3
22160,5
22161,17
22162,43
22163,63
22164,6
22165,65
22166,0
22167,57
22168,46
22169,0
22170,29
22171,22
22172,28
22173,39
22174,10
22175,37
22176,64
22177,15
22178,33
22179,39
22180,35
22181,42
22182,23
22183,27
22184,29
22185,20
22186,33
22187,60
22188,8
22189,38
22190,61
22191,21
22192,46
22193,55
22194,65
22195,26
22196,28
22197,3
22198,13
22199,22
22200,15
22201,55
22202,53
22203,37
22204,8
22205,38
22206,1
22207,8
22208,5
22209,56
22210,32
22211,44
22212,0
22213,50
22214,24
22215,53
22216,11
22217,63
22218,10
22219,10
22220,12
22221,13
22222,38
22223,51
22224,56
22225,58
22226,50
22227,42
22228,20
22229,6
22230,52
22231,55
22232,59
22233,35
22234,43
22235,42
22236,2
22237,26
22238,33
22239,42
22240,46
22241,33
22242,20
22243,8
22244,51
22245,15
22246,20
22247,33
22248,40
22249,4
22250,2
22251,39
22252,23
22253,57
22254,55
22255,37
22256,51
22257,14
22258,34
22259,6
22260,50
22261,64
22262,30
22263,57
22264,59
22265,49
22266,53
22267,49
22268,29
22269,39
22270,22
22271,52
22272,46
22273,46
22274,0
22275,44
22276,21
22277,41
22278,18
22279,33
22280,54
22281,0
22282,51
22283,33
22284,44
22285,43
22286,9
22287,38
22288,30
22289,39
22290,41
22291,16
22292,43
22293,33
22294,31
22295,28
22296,36
22297,0
22298,0
22299,17
22300,39
22301,39
22302,37
22303,12
22304,19
22305,1
22306,64
22307,37
22308,10
22309,15
22310,35
22311,9
22312,4
22313,21
22314,36
22315,0
22316,15
22317,16
22318,24
22319,31
22320,64
22321,24
22322,14
22323,21
22324,54
22325,27
22326,13
22327,24
22328,46
22329,52
22330,52
22331,47
22332,5
22333,52
22334,28
22335,40
22336,0
22337,7
22338,38
22339,47
22340,45
22341,24
22342,44
22343,18
22344,36
22345,18
22346,31
22347,27
22348,48
22349,44
22350,26
22351,37
22352,17
22353,53
22354,68
22355,3
22356,29
22357,3
22358,45
22359,11
22360,39
22361,67
22362,62
22363,61
22364,13
22365,43
22366,12
22367,14
22368,3
22369,12
22370,9
22371,3
22372,4
22373,48
22374,3
22375,8
22376,32
22377,64
22378,62
22379,31
22380,40
22381,10
22382,0
22383,56
22384,20
22385,0
22386,0
22387,11
22388,46
22389,8
22390,47
22391,36
22392,43
22393,49
22394,11
22395,10
22396,42
22397,20
22398,14
22399,35
22400,25
22401,25
22402,47
22403,33
22404,7
22405,21
22406,0
22407,33
22408,9
22409,58
22410,34
22411,31
22412,64
22413,56
22414,6
22415,25
22416,5
22417,55
22418,28
22419,10
22420,42
22421,2
22422,10
22423,7
22424,60
22425,49
22426,39
22427,30
22428,55
22429,40
22430,41
22431,38
22432,0
22433,22
22434,38
22435,19
22436,24
22437,5
22438,30
22439,55
22440,26
22441,31
22442,22
22443,41
22444,47
22445,26
22446,52
22447,13
22448,7
22449,1
22450,19
22451,63
22452,6
22453,0
22454,0
22455,8
22456,33
22457,21
22458,2
22459,40
22460,14
22461,56
22462,18
22463,58
22464,43
22465,6
22466,15
22467,6
22468,26
22469,22
22470,31
22471,44
22472,33
22473,21
22474,16
22475,49
22476,66
22477,27
22478,37
22479,40
22480,33
22481,22
22482,16
22483,15
22484,28
22485,47
22486,28
22487,21
22488,27
22489,23
22490,52
22491,25
22492,15
22493,33
22494,52
22495,18
22496,6
22497,22
22498,53
22499,31
22500,43
22501,56
22502,46
22503,18
22504,4
22505,42
22506,28
22507,34
22508,63
22509,36
22510,6
22511,31
22512,38
22513,24
22514,52
22515,65
22516,46
22517,28
22518,66
22519,18
22520,27
22521,30
22522,63
22523,10
22524,53
22525,15
22526,29
22527,43
22528,54
22529,17
22530,15
22531,40
22532,8
22533,23
22534,24
22535,49
22536,45
22537,47
22538,21
22539,13
22540,21
22541,12
22542,6
22543,18
22544,21
22545,28
22546,49
22547,54
22548,9
22549,10
22550,43
22551,35
22552,16
22553,53
22554,65
22555,13
22556,41
22557,0
22558,0
22559,0
22560,47
22561,3
22562,1
22563,0
22564,8
22565,63
22566,0
22567,37
22568,14
22569,54
22570,1
22571,37
22572,25
22573,1
22574,13
22575,2
22576,32
22577,35
22578,25
22579,0
22580,4
22581,57
22582,20
22583,43
22584,58
22585,23
22586,35
22587,0
22588,14
22589,19
22590,25
22591,37
22592,23
22593,50
22594,41
22595,25
22596,1
22597,29
22598,27
22599,1
22600,5
22601,17
22602,39
22603,33
22604,10
22605,14
22606,30
22607,44
22608,63
22609,30
22610,15
22611,60
22612,0
22613,5
22614,1
22615,52
22616,28
22617,47
22618,24
22619,41
22620,41
22621,55
22622,15
22623,41
22624,49
22625,2
22626,20
22627,38
22628,37
22629,40
22630,42
22631,26
22632,14
22633,12
22634,21
22635,1
22636,38
22637,6
22638,37
22639,28
22640,1
22641,25
22642,45
22643,29
22644,49
22645,51
22646,46
22647,0
22648,9
22649,32
22650,60
22651,0
22652,57
22653,24
22654,49
22655,0
22656,4
22657,20
22658,57
22659,63
22660,6
22661,17
22662,10
22663,38
22664,8
22665,20
22666,35
22667,25
22668,2
22669,28
22670,21
22671,23
22672,26
22673,24
22674,4
22675,0
22676,0
22677,3
22678,18
22679,65
22680,3
22681,0
22682,38
22683,48
22684,36
22685,45
22686,46
22687,50
22688,43
22689,26
22690,33
22691,25
22692,36
22693,2
22694,12
22695,47
22696,66
22697,1
22698,24
22699,32
22700,52
22701,39
22702,17
22703,23
22704,5
22705,32
22706,3
22707,21
22708,51
22709,55
22710,46
22711,58
22712,7
22713,43
22714,29
22715,36
22716,32
22717,51
22718,2
22719,39
22720,1
22721,23
22722,8
22723,41
22724,31
22725,38
22726,33
22727,49
22728,44
22729,34
22730,0
22731,25
22732,44
22733,65
22734,64
22735,63
22736,12
22737,30
22738,0
22739,60
22740,58
22741,17
22742,6
22743,56
22744,12
22745,8
22746,6
22747,4
22748,12
22749,54
22750,37
22751,66
22752,17
22753,34
22754,37
22755,25
22756,1
22757,47
22758,63
22759,40
22760,45
22761,54
22762,32
22763,22
22764,67
22765,24
22766,64
22767,26
22768,44
22769,26
22770,7
22771,17
22772,27
22773,20
22774,44
22775,1
22776,0
22777,12
22778,0
22779,12
22780,30
22781,1
22782,5
22783,48
22784,2
22785,13
22786,1
22787,19
22788,19
22789,30
22790,11
22791,65
22792,54
22793,4
22794,10
22795,27
22796,26
22797,0
22798,11
22799,20
22800,19
22801,4
22802,65
22803,67
22804,32
22805,42
22806,30
22807,24
22808,62
22809,30
22810,37
22811,19
22812,3
22813,38
22814,46
22815,49
22816,1
22817,53
22818,13
22819,40
22820,16
22821,28
22822,3
22823,7
22824,6
22825,7
22826,37
22827,15
22828,11
22829,49
22830,28
22831,64
22832,37
22833,62
22834,7
22835,23
22836,15
22837,1
22838,15
22839,34
22840,38
22841,16
22842,48
22843,25
22844,53
22845,13
22846,21
22847,15
22848,29
22849,67
22850,15
22851,8
22852,17
22853,8
22854,5
22855,46
22856,8
22857,44
22858,35
22859,0
22860,20
22861,40
22862,25
22863,43
22864,43
22865,22
22866,40
22867,57
22868,19
22869,18
22870,7
22871,25
22872,12
22873,22
22874,34
22875,42
22876,60
22877,5
22878,30
22879,10
22880,59
22881,66
22882,34
22883,47
22884,3
22885,37
22886,42
22887,60
22888,1
22889,1
22890,7
22891,9
22892,6
22893,14
22894,55
22895,67
22896,12
22897,19
22898,32
22899,9
22900,3
22901,42
22902,43
22903,54
22904,31
22905,4
22906,64
22907,56
22908,25
22909,24
22910,42
22911,3
22912,29
22913,20
22914,19
22915,0
22916,14
22917,10
22918,18
22919,7
22920,3
22921,42
22922,22
22923,23
22924,33
22925,27
22926,40
22927,8
22928,32
22929,40
22930,61
22931,48
22932,24
22933,2
22934,51
22935,59
22936,55
22937,57
22938,20
22939,67
22940,49
22941,54
22942,25
22943,44
22944,43
22945,34
22946,63
22947,62
22948,66
22949,44
22950,35
22951,11
22952,10
22953,22
22954,1
22955,6
22956,4
22957,33
22958,67
22959,3
22960,1
22961,41
22962,47
22963,13
22964,60
22965,14
22966,16
22967,35
22968,68
22969,46
22970,35
22971,11
22972,5
22973,40
22974,8
22975,11
22976,46
22977,44
22978,59
22979,10
22980,53
22981,8
22982,4
22983,20
22984,2
22985,55
22986,13
22987,34
22988,43
22989,50
22990,31
22991,7
22992,21
22993,26
22994,10
22995,9
22996,21
22997,10
22998,5
22999,55
23000,5
23001,28
23002,10
23003,62
23004,37
23005,41
23006,47
23007,30
23008,8
23009,47
23010,22
23011,55
23012,8
23013,41
23014,41
23015,18
23016,3
23017,5
23018,54
23019,10
23020,39
23021,26
23022,41
23023,55
23024,40
23025,24
23026,53
23027,46
23028,26
23029,45
23030,0
23031,67
23032,6
23033,53
23034,30
23035,13
23036,19
23037,11
23038,10
23039,23
23040,10
23041,47
23042,56
23043,37
23044,54
23045,14
23046,32
23047,0
23048,55
23049,9
23050,45
23051,13
23052,13
23053,38
23054,9
23055,37
23056,29
23057,60
23058,9
23059,20
23060,54
23061,1
23062,34
23063,49
23064,0
23065,22
23066,9
23067,6
23068,7
23069,37
23070,21
23071,48
23072,64
23073,9
23074,29
23075,11
23076,20
23077,13
23078,49
23079,37
23080,67
23081,56
23082,48
23083,2
23084,18
23085,7
23086,23
23087,10
23088,3
23089,63
23090,30
23091,17
23092,36
23093,65
23094,2
23095,7
23096,4
23097,62
23098,32
23099,11
23100,13
23101,0
23102,0
23103,7
23104,66
23105,43
23106,13
23107,9
23108,40
23109,10
23110,10
23111,39
23112,0
23113,16
23114,26
23115,6
23116,30
23117,21
23118,46
23119,17
23120,3
23121,59
23122,44
23123,15
23124,37
23125,24
23126,38
23127,52
23128,28
23129,33
23130,37
23131,31
23132,2
23133,20
23134,64
23135,60
23136,25
23137,27
23138,5
23139,38
23140,43
23141,36
23142,23
23143,67
23144,0
23145,60
23146,10
23147,3
23148,30
23149,58
23150,52
23151,3
23152,14
23153,45
23154,12
23155,11
23156,3
23157,0
23158,25
23159,43
23160,58
23161,30
23162,66
23163,7
23164,20
23165,31
23166,42
23167,43
23168,12
23169,21
23170,67
23171,5
23172,64
23173,34
23174,53
23175,17
23176,59
23177,36
23178,48
23179,38
23180,45
23181,8
23182,46
23183,29
23184,19
23185,26
23186,16
23187,3
23188,22
23189,29
23190,8
23191,31
23192,45
23193,15
23194,33
23195,47
23196,63
23197,15
23198,18
23199,46
23200,0
23201,20
23202,55
23203,39
23204,2
23205,62
23206,34
23207,3
23208,39
23209,54
23210,18
23211,3
23212,0
23213,0
23214,2
23215,42
23216,54
23217,41
23218,12
23219,36
23220,34
23221,10
23222,24
23223,35
23224,61
23225,63
23226,19
23227,23
23228,17
23229,0
23230,59
23231,7
23232,65
23233,50
23234,4
23235,59
23236,45
23237,29
23238,29
23239,26
23240,36
23241,7
23242,31
23243,57
23244,30
23245,23
23246,40
23247,55
23248,8
23249,17
23250,48
23251,59
23252,42
23253,30
23254,7
23255,31
23256,45
23257,42
23258,60
23259,28
23260,1
23261,16
23262,61
23263,23
23264,55
23265,16
23266,53
23267,19
23268,17
23269,36
23270,0
23271,7
23272,3
23273,29
23274,58
23275,15
23276,1
23277,8
23278,39
23279,17
23280,34
23281,14
23282,62
23283,23
23284,67
23285,36
23286,1
23287,28
23288,17
23289,25
23290,45
23291,51
23292,10
23293,4
23294,5
23295,8
23296,63
23297,24
23298,9
23299,11
23300,32
23301,8
23302,20
23303,15
23304,23
23305,9
23306,30
23307,13
23308,9
23309,28
23310,7
23311,14
23312,41
23313,24
23314,44
23315,50
23316,26
23317,30
23318,19
23319,50
23320,61
23321,0
23322,32
23323,0
23324,33
23325,60
23326,49
23327,15
23328,4
23329,49
23330,24
23331,20
23332,25
23333,51
23334,18
23335,6
23336,12
23337,67
23338,15
23339,2
23340,3
23341,3
23342,5
23343,0
23344,5
23345,54
23346,30
23347,37
23348,5
23349,9
23350,7
23351,23
23352,5
23353,17
23354,56
23355,29
23356,4
23357,47
23358,11
23359,48
23360,9
23361,24
23362,30
23363,33
23364,39
23365,6
23366,27
23367,30
23368,51
23369,35
23370,13
23371,57
23372,33
23373,17
23374,3
23375,33
23376,23
23377,46
23378,44
23379,53
23380,34
23381,54
23382,61
23383,52
23384,20
23385,7
23386,7
23387,11
23388,13
23389,3
23390,12
23391,0
23392,11
23393,2
23394,10
23395,54
23396,29
23397,9
23398,33
23399,33
23400,0
23401,11
23402,25
23403,29
23404,7
23405,8
23406,25
23407,8
23408,33
23409,48
23410,27
23411,10
23412,34
23413,25
23414,0
23415,39
23416,57
23417,3
23418,3
23419,10
23420,0
23421,0
23422,10
23423,15
23424,52
23425,67
23426,19
23427,12
23428,28
23429,11
23430,24
23431,33
23432,52
23433,7
23434,0
23435,11
23436,53
23437,33
23438,49
23439,27
23440,21
23441,10
23442,14
23443,25
23444,65
23445,66
23446,59
23447,24
23448,3
23449,3
23450,34
23451,54
23452,5
23453,4
23454,31
23455,32
23456,42
23457,1
23458,26
23459,54
23460,14
23461,40
23462,7
23463,15
23464,36
23465,7
23466,57
23467,11
23468,17
23469,9
23470,1
23471,21
23472,2
23473,10
23474,44
23475,3
23476,57
23477,5
23478,6
23479,38
23480,9
23481,15
23482,61
23483,27
23484,18
23485,0
23486,10
23487,9
23488,33
23489,34
23490,61
23491,56
23492,10
23493,35
23494,57
23495,10
23496,29
23497,45
23498,38
23499,4
23500,49
23501,16
23502,30
23503,21
23504,53
23505,0
23506,13
23507,24
23508,30
23509,44
23510,27
23511,8
23512,0
23513,57
23514,62
23515,10
23516,1
23517,7
23518,10
23519,28
23520,33
23521,41
23522,50
23523,35
23524,20
23525,19
23526,31
23527,20
23528,33
23529,17
23530,13
23531,5
23532,41
23533,30
23534,6
23535,36
23536,12
23537,15
23538,24
23539,50
23540,57
23541,50
23542,35
23543,15
23544,13
23545,16
23546,52
23547,30
23548,11
23549,8
23550,25
23551,63
23552,42
23553,49
23554,4
23555,39
23556,22
23557,3
23558,40
23559,16
23560,34
23561,33
23562,68
23563,49
23564,27
23565,13
23566,22
23567,68
23568,26
23569,11
23570,10
23571,24
23572,39
23573,53
23574,39
23575,18
23576,57
23577,64
23578,0
23579,49
23580,12
23581,20
23582,18
23583,30
23584,1
23585,20
23586,14
23587,3
23588,50
23589,3
23590,11
23591,61
23592,41
23593,14
23594,67
23595,9
23596,32
23597,46
23598,8
23599,27
23600,31
23601,12
23602,22
23603,35
23604,53
23605,12
23606,54
23607,4
23608,59
23609,64
23610,44
23611,5
23612,62
23613,3
23614,0
23615,54
23616,16
23617,29
23618,7
23619,37
23620,26
23621,15
23622,28
23623,39
23624,26
23625,46
23626,44
23627,38
23628,2
23629,26
23630,28
23631,17
23632,62
23633,8
23634,44
23635,39
23636,2
23637,8
23638,10
23639,33
23640,44
23641,19
23642,12
23643,63
23644,20
23645,63
23646,1
23647,23
23648,28
23649,42
23650,46
23651,13
23652,21
23653,41
23654,0
23655,1
23656,19
23657,12
23658,48
23659,29
23660,0
23661,58
23662,46
23663,41
23664,2
23665,38
23666,19
23667,19
23668,26
23669,27
23670,16
23671,34
23672,33
23673,30
23674,4
23675,21
23676,0
23677,7
23678,13
23679,53
23680,29
23681,33
23682,6
23683,30
23684,0
23685,1
23686,1
23687,1
23688,11
23689,40
23690,10
23691,12
23692,10
23693,18
23694,32
23695,8
23696,51
23697,27
23698,17
23699,67
23700,58
23701,49
23702,57
23703,38
23704,4
23705,13
23706,19
23707,0
23708,62
23709,26
23710,52
23711,21
23712,5
23713,12
23714,0
23715,21
23716,5
23717,53
23718,53
23719,55
23720,57
23721,21
23722,54
23723,36
23724,23
23725,43
23726,7
23727,57
23728,18
23729,13
23730,1
23731,54
23732,36
23733,67
23734,46
23735,17
23736,34
23737,3
23738,8
23739,23
23740,24
23741,62
23742,20
23743,65
23744,41
23745,44
23746,0
23747,16
23748,28
23749,29
23750,30
23751,32
23752,32
23753,21
23754,30
23755,59
23756,29
23757,28
23758,13
23759,21
23760,35
23761,6
23762,2
23763,13
23764,17
23765,23
23766,52
23767,13
23768,19
23769,56
23770,28
23771,23
23772,29
23773,31
23774,17
23775,24
23776,63
23777,10
23778,61
23779,48
23780,32
23781,44
23782,39
23783,38
23784,42
23785,48
23786,26
23787,15
23788,0
23789,7
23790,21
23791,25
23792,26
23793,5
23794,3
23795,46
23796,44
23797,47
23798,40
23799,17
23800,53
23801,40
23802,24
23803,0
23804,3
23805,11
23806,0
23807,22
23808,0
23809,30
23810,0
23811,0
23812,22
23813,35
23814,8
23815,14
23816,51
23817,0
23818,3
23819,58
23820,67
23821,26
23822,56
23823,10
23824,37
23825,29
23826,13
23827,15
23828,64
23829,20
23830,25
23831,0
23832,54
23833,5
23834,34
23835,23
23836,63
23837,27
23838,16
23839,2
23840,8
23841,26
23842,51
23843,21
23844,49
23845,31
23846,4
23847,31
23848,15
23849,34
23850,28
23851,21
23852,10
23853,50
23854,9
23855,4
23856,3
23857,2
23858,45
23859,55
23860,2
23861,61
23862,37
23863,49
23864,8
23865,20
23866,49
23867,19
23868,36
23869,36
23870,27
23871,45
23872,9
23873,25
23874,24
23875,56
23876,18
23877,59
23878,6
23879,23
23880,3
23881,0
23882,0
23883,19
23884,7
23885,44
23886,2
23887,3
23888,29
23889,65
23890,36
23891,23
23892,1
23893,56
23894,16
23895,22
23896,28
23897,46
23898,29
23899,56
23900,9
23901,59
23902,35
23903,54
23904,45
23905,9
23906,12
23907,10
23908,34
23909,30
23910,44
23911,15
23912,44
23913,32
23914,50
23915,38
23916,33
23917,48
23918,49
23919,7
23920,39
23921,29
23922,25
23923,25
23924,29
23925,11
23926,64
23927,53
23928,53
23929,49
23930,29
23931,1
23932,22
23933,50
23934,47
23935,39
23936,25
23937,36
23938,8
23939,46
23940,29
23941,60
23942,18
23943,55
23944,61
23945,65
23946,48
23947,34
23948,28
23949,44
23950,55
23951,56
23952,46
23953,34
23954,3
23955,24
23956,0
23957,11
23958,0
23959,40
23960,61
23961,32
23962,29
23963,10
23964,57
23965,5
23966,26
23967,4
23968,10
23969,4
23970,59
23971,7
23972,0
23973,14
23974,25
23975,18
23976,34
23977,43
23978,32
23979,11
23980,57
23981,26
23982,0
23983,9
23984,21
23985,37
23986,54
23987,41
23988,54
23989,46
23990,46
23991,31
23992,56
23993,38
23994,35
23995,42
23996,63
23997,1
23998,29
23999,28
24000,13
24001,48
24002,47
24003,8
24004,41
24005,40
24006,19
24007,51
24008,53
24009,7
24010,18
24011,17
24012,56
24013,7
24014,8
24015,67
24016,5
24017,39
24018,43
24019,35
24020,42
24021,48
24022,39
24023,34
24024,17
24025,61
24026,33
24027,61
24028,36
24029,6
24030,7
24031,4
24032,25
24033,24
24034,25
24035,10
24036,9
24037,35
24038,35
24039,36
24040,36
24041,0
24042,37
24043,25
24044,1
24045,11
24046,2
24047,13
24048,50
24049,13
24050,18
24051,22
24052,46
24053,24
24054,41
24055,58
24056,62
24057,24
24058,54
24059,10
24060,0
24061,15
24062,49
24063,3
24064,17
24065,56
24066,23
24067,11
24068,52
24069,31
24070,34
24071,31
24072,25
24073,47
24074,16
24075,16
24076,46
24077,56
24078,16
24079,23
24080,11
24081,32
24082,22
24083,68
24084,30
24085,23
24086,15
24087,21
24088,4
24089,54
24090,22
24091,46
24092,48
24093,4
24094,36
24095,26
24096,31
24097,14
24098,40
24099,51
24100,62
24101,30
24102,39
24103,9
24104,4
24105,13
24106,35
24107,36
24108,25
24109,67
24110,7
24111,25
24112,51
24113,10
24114,22
24115,0
24116,63
24117,15
24118,65
24119,12
24120,19
24121,1
24122,3
24123,30
24124,34
24125,33
24126,51
24127,40
24128,5
24129,5
24130,38
24131,57
24132,5
24133,22
24134,13
24135,2
24136,55
24137,42
24138,27
24139,5
24140,27
24141,30
24142,66
24143,43
24144,17
24145,50
24146,31
24147,60
24148,26
24149,65
24150,0
24151,0
24152,15
24153,62
24154,45
24155,4
24156,67
24157,34
24158,4
24159,38
24160,17
24161,63
24162,20
24163,42
24164,20
24165,10
24166,7
24167,58
24168,65
24169,23
24170,13
24171,18
24172,19
24173,66
24174,43
24175,8
24176,24
24177,14
24178,2
24179,43
24180,13
24181,59
24182,23
24183,1
24184,33
24185,0
24186,35
24187,23
24188,65
24189,26
24190,34
24191,2
24192,0
24193,1
24194,31
24195,34
24196,19
24197,34
24198,23
24199,58
24200,65
24201,54
24202,55
24203,53
24204,66
24205,5
24206,7
24207,35
24208,12
24209,43
24210,37
24211,25
24212,19
24213,18
24214,24
24215,40
24216,27
24217,13
24218,56
24219,40
24220,47
24221,32
24222,5
24223,40
24224,31
24225,49
24226,49
24227,29
24228,45
24229,48
24230,22
24231,27
24232,19
24233,1
24234,18
24235,15
24236,3
24237,65
24238,26
24239,2
24240,46
24241,0
24242,43
24243,56
24244,10
24245,60
24246,22
24247,52
24248,23
24249,59
24250,25
24251,21
24252,56
24253,21
24254,38
24255,11
24256,52
24257,2
24258,39
24259,0
24260,0
24261,0
24262,37
24263,34
24264,14
24265,20
24266,40
24267,49
24268,60
24269,12
24270,1
24271,15
24272,52
24273,20
24274,39
24275,8
24276,6
24277,25
24278,25
24279,52
24280,33
24281,2
24282,42
24283,0
24284,0
24285,63
24286,21
24287,37
24288,25
24289,16
24290,1
24291,12
24292,19
24293,29
24294,19
24295,42
24296,32
24297,5
24298,0
24299,42
24300,5
24301,64
24302,23
24303,3
24304,23
24305,45
24306,40
24307,16
24308,0
24309,43
24310,43
24311,15
24312,7
24313,6
24314,47
24315,23
24316,36
24317,12
24318,50
24319,11
24320,67
24321,7
24322,31
24323,27
24324,28
24325,35
24326,64
24327,45
24328,27
24329,64
24330,36
24331,33
24332,29
24333,13
24334,52
24335,64
24336,11
24337,16
24338,43
24339,48
24340,45
24341,21
24342,62
24343,48
24344,29
24345,51
24346,49
24347,4
24348,25
24349,49
24350,42
24351,56
24352,36
24353,62
24354,17
24355,45
24356,0
24357,16
24358,22
24359,53
24360,47
24361,15
24362,16
24363,39
24364,6
24365,57
24366,62
24367,27
24368,17
24369,0
24370,33
24371,30
24372,29
24373,52
24374,46
24375,33
24376,24
24377,48
24378,4
24379,25
24380,53
24381,49
24382,52
24383,21
24384,5
24385,35
24386,35
24387,10
24388,67
24389,33
24390,31
24391,36
24392,6
24393,42
24394,37
24395,16
24396,64
24397,23
24398,19
24399,3
24400,7
24401,23
24402,14
24403,0
24404,18
24405,48
24406,42
24407,21
24408,0
24409,61
24410,3
24411,38
24412,39
24413,28
24414,12
24415,54
24416,0
24417,44
24418,17
24419,45
24420,2
24421,18
24422,52
24423,32
24424,40
24425,13
24426,30
24427,65
24428,10
24429,1
24430,35
24431,15
24432,40
24433,22
24434,32
24435,17
24436,17
24437,1
24438,50
24439,3
24440,15
24441,26
24442,4
24443,0
24444,30
24445,5
24446,43
24447,43
24448,18
24449,2
24450,3
24451,24
24452,11
24453,49
24454,53
24455,59
24456,66
24457,23
24458,13
24459,52
24460,52
24461,28
24462,17
24463,10
24464,49
24465,67
24466,5
24467,42
24468,30
24469,31
24470,22
24471,41
24472,52
24473,6
24474,11
24475,52
24476,61
24477,3
24478,53
24479,37
24480,41
24481,5
24482,21
24483,14
24484,5
24485,33
24486,19
24487,2
24488,23
24489,63
24490,33
24491,66
24492,21
24493,65
24494,16
24495,37
24496,42
24497,38
24498,17
24499,33
24500,26
24501,6
24502,50
24503,13
24504,6
24505,28
24506,46
24507,34
24508,2
24509,35
24510,29
24511,12
24512,51
24513,5
24514,45
24515,35
24516,59
24517,55
24518,22
24519,1
24520,2
24521,41
24522,27
24523,53
24524,26
24525,11
24526,23
24527,29
24528,4
24529,17
24530,54
24531,35
24532,43
24533,37
24534,33
24535,25
24536,6
24537,68
24538,59
24539,18
24540,29
24541,4
24542,22
24543,53
24544,25
24545,64
24546,38
24547,19
24548,11
24549,58
24550,6
24551,11
24552,4
24553,9
24554,22
24555,35
24556,3
24557,9
24558,28
24559,8
24560,0
24561,63
24562,0
24563,8
24564,68
24565,23
24566,42
24567,13
24568,37
24569,0
24570,67
24571,50
24572,13
24573,45
24574,24
24575,17
24576,25
24577,3
24578,61
24579,13
24580,1
24581,23
24582,67
24583,26
24584,11
24585,26
24586,4
24587,11
24588,13
24589,14
24590,22
24591,62
24592,27
24593,27
24594,55
24595,46
24596,1
24597,44
24598,1
24599,40
24600,12
24601,27
24602,13
24603,22
24604,44
24605,61
24606,64
24607,30
24608,47
24609,8
24610,32
24611,46
24612,17
24613,28
24614,15
24615,20
24616,13
24617,24
24618,29
24619,39
24620,19
24621,50
24622,42
24623,15
24624,6
24625,17
24626,16
24627,23
24628,44
24629,56
24630,7
24631,27
24632,31
24633,46
24634,5
24635,56
24636,60
24637,22
24638,30
24639,8
24640,25
24641,19
24642,4
24643,8
24644,14
24645,24
24646,44
24647,37
24648,53
24649,49
24650,59
24651,55
24652,8
24653,4
24654,17
24655,3
24656,10
24657,9
24658,50
24659,6
24660,61
24661,0
24662,51
24663,54
24664,0
24665,8
24666,58
24667,44
24668,14
24669,1
24670,64
24671,34
24672,12
24673,47
24674,49
24675,13
24676,3
24677,37
24678,45
24679,13
24680,44
24681,36
24682,27
24683,32
24684,27
24685,37
24686,0
24687,29
24688,14
24689,22
24690,17
24691,50
24692,56
24693,1
24694,4
24695,31
24696,16
24697,25
24698,46
24699,33
24700,17
24701,12
24702,20
24703,43
24704,6
24705,25
24706,30
24707,49
24708,46
24709,6
24710,40
24711,56
24712,18
24713,57
24714,50
24715,26
24716,12
24717,51
24718,18
24719,33
24720,3
24721,1
24722,14
24723,6
24724,33
24725,48
24726,28
24727,44
24728,5
24729,17
24730,24
24731,24
24732,35
24733,13
24734,58
24735,4
24736,2
24737,27
24738,46
24739,47
24740,0
24741,41
24742,46
24743,31
24744,39
24745,16
24746,63
24747,58
24748,61
24749,59
24750,28
24751,8
24752,4
24753,55
24754,18
24755,31
24756,2
24757,50
24758,26
24759,49
24760,52
24761,35
24762,8
24763,47
24764,62
24765,12
24766,47
24767,54
24768,3
24769,28
24770,15
24771,34
24772,13
24773,24
24774,5
24775,3
24776,0
24777,14
24778,32
24779,36
24780,19
24781,22
24782,43
24783,48
24784,25
24785,39
24786,14
24787,34
24788,5
24789,35
24790,28
24791,17
24792,51
24793,25
24794,28
24795,35
24796,42
24797,13
24798,51
24799,19
24800,6
24801,5
24802,51
24803,43
24804,50
24805,57
24806,8
24807,32
24808,5
24809,60
24810,48
24811,22
24812,38
24813,62
24814,27
24815,40
24816,43
24817,30
24818,19
24819,2
24820,37
24821,0
24822,43
24823,35
24824,1
24825,34
24826,43
24827,20
24828,66
24829,27
24830,17
24831,23
24832,25
24833,6
24834,37
24835,45
24836,2
24837,13
24838,56
24839,40
24840,37
24841,53
24842,35
24843,60
24844,21
24845,16
24846,5
24847,6
24848,25
24849,29
24850,9
24851,37
24852,12
24853,8
24854,63
24855,8
24856,44
24857,2
24858,12
24859,37
24860,52
24861,4
24862,18
24863,4
24864,22
24865,28
24866,3
24867,20
24868,10
24869,49
24870,12
24871,61
24872,58
24873,23
24874,11
24875,27
24876,46
24877,33
24878,9
24879,39
24880,5
24881,59
24882,48
24883,59
24884,6
24885,17
24886,64
24887,16
24888,24
24889,54
24890,18
24891,38
24892,41
24893,28
24894,24
24895,4
24896,39
24897,43
24898,34
24899,25
24900,37
24901,59
24902,46
24903,43
24904,39
24905,50
24906,33
24907,5
24908,65
24909,48
24910,45
24911,3
24912,0
24913,24
24914,50
24915,42
24916,60
24917,6
24918,5
24919,38
24920,37
24921,35
24922,23
24923,4
24924,62
24925,49
24926,25
24927,33
24928,15
24929,61
24930,36
24931,23
24932,53
24933,33
24934,41
24935,10
24936,38
24937,28
24938,16
24939,29
24940,43
24941,9
24942,63
24943,35
24944,51
24945,55
24946,29
24947,44
24948,28
24949,45
24950,42
24951,64
24952,31
24953,3
24954,12
24955,26
24956,34
24957,0
24958,50
24959,35
24960,26
24961,45
24962,37
24963,20
24964,52
24965,26
24966,35
24967,15
24968,15
24969,19
24970,33
24971,31
24972,5
24973,27
24974,13
24975,53
24976,43
24977,45
24978,10
24979,3
24980,3
24981,48
24982,42
24983,4
24984,58
24985,62
24986,57
24987,41
24988,58
24989,15
24990,35
24991,53
24992,7
24993,4
24994,0
24995,8
24996,27
24997,66
24998,45
24999,30
25000,3
25001,37
25002,61
25003,52
25004,56
25005,3
25006,3
25007,42
25008,8
25009,13
25010,13
25011,30
25012,25
25013,19
25014,9
25015,54
25016,15
25017,25
25018,10
25019,63
25020,10
25021,10
25022,12
25023,0
25024,67
25025,19
25026,44
25027,22
25028,7
25029,14
25030,11
25031,49
25032,5
25033,14
25034,54
25035,6
25036,56
25037,18
25038,7
25039,56
25040,6
25041,51
25042,43
25043,20
25044,32
25045,19
25046,56
25047,21
25048,43
25049,27
25050,44
25051,15
25052,43
25053,11
25054,39
25055,30
25056,24
25057,2
25058,21
25059,12
25060,19
25061,43
25062,25
25063,24
25064,46
25065,39
25066,41
25067,23
25068,28
25069,3
25070,48
25071,0
25072,67
25073,35
25074,47
25075,27
25076,5
25077,17
25078,27
25079,32
25080,37
25081,10
25082,34
25083,22
25084,47
25085,47
25086,22
25087,42
25088,50
25089,43
25090,12
25091,46
25092,31
25093,7
25094,16
25095,19
25096,27
25097,54
25098,8
25099,27
25100,24
25101,46
25102,0
25103,22
25104,4
25105,41
25106,30
25107,18
25108,36
25109,28
25110,54
25111,26
25112,34
25113,20
25114,1
25115,20
25116,6
25117,54
25118,3
25119,20
25120,9
25121,23
25122,37
25123,15
25124,51
25125,53
25126,26
25127,3
25128,46
25129,2
25130,23
25131,39
25132,23
25133,6
25134,24
25135,39
25136,41
25137,1
25138,32
25139,12
25140,9
25141,45
25142,61
25143,51
25144,22
25145,45
25146,13
25147,41
25148,0
25149,55
25150,3
25151,21
25152,29
25153,60
25154,4
25155,13
25156,14
25157,53
25158,55
25159,66
25160,33
25161,13
25162,35
25163,35
25164,38
25165,0
25166,56
25167,18
25168,26
25169,2
25170,42
25171,0
25172,60
25173,39
25174,5
25175,9
25176,0
25177,37
25178,24
25179,40
25180,9
25181,3
25182,34
25183,58
25184,29
25185,56
25186,29
25187,1
25188,25
25189,27
25190,32
25191,39
25192,42
25193,17
25194,7
25195,2
25196,0
25197,55
25198,38
25199,12
25200,12
25201,18
25202,41
25203,7
25204,49
25205,52
25206,50
25207,12
25208,49
25209,50
25210,51
25211,38
25212,54
25213,47
25214,31
25215,43
25216,49
25217,11
25218,5
25219,62
25220,48
25221,44
25222,10
25223,12
25224,34
25225,18
25226,18
25227,0
25228,62
25229,33
25230,9
25231,26
25232,26
25233,7
25234,28
25235,3
25236,9
25237,18
25238,8
25239,57
25240,60
25241,33
25242,52
25243,47
25244,12
25245,62
25246,46
25247,66
25248,15
25249,22
25250,1
25251,26
25252,65
25253,39
25254,34
25255,21
25256,51
25257,40
25258,65
25259,53
25260,16
25261,32
25262,18
25263,14
25264,68
25265,8
25266,37
25267,44
25268,59
25269,45
25270,5
25271,13
25272,29
25273,19
25274,38
25275,24
25276,48
25277,19
25278,7
25279,32
25280,3
25281,5
25282,19
25283,8
25284,8
25285,0
25286,43
25287,45
25288,43
25289,13
25290,54
25291,26
25292,4
25293,50
25294,6
25295,0
25296,3
25297,57
25298,33
25299,44
25300,42
25301,17
25302,45
25303,57
25304,50
25305,64
25306,0
25307,63
25308,43
25309,48
25310,10
25311,5
25312,44
25313,34
25314,42
25315,47
25316,58
25317,45
25318,17
25319,21
25320,11
25321,1
25322,37
25323,5
25324,29
25325,22
25326,21
25327,4
25328,6
25329,5
25330,41
25331,2
25332,38
25333,65
25334,26
25335,45
25336,31
25337,54
25338,0
25339,3
25340,29
25341,21
25342,54
25343,2
25344,60
25345,60
25346,24
25347,18
25348,63
25349,8
25350,10
25351,1
25352,16
25353,42
25354,3
25355,4
25356,42
25357,3
25358,10
25359,17
25360,18
25361,5
25362,60
25363,20
25364,35
25365,3
25366,37
25367,15
25368,48
25369,61
25370,13
25371,6
25372,54
25373,9
25374,65
25375,17
25376,13
25377,58
25378,60
25379,19
25380,59
25381,45
25382,5
25383,6
25384,11
25385,62
25386,56
25387,60
25388,11
25389,0
25390,6
25391,25
25392,29
25393,39
25394,17
25395,55
25396,40
25397,59
25398,40
25399,2
25400,36
25401,29
25402,22
25403,37
25404,24
25405,35
25406,55
25407,1
25408,47
25409,1
25410,3
25411,32
25412,13
25413,7
25414,6
25415,32
25416,44
25417,10
25418,59
25419,27
25420,33
25421,61
25422,0
25423,1
25424,58
25425,33
25426,22
25427,24
25428,57
25429,1
25430,14
25431,25
25432,34
25433,19
25434,49
25435,49
25436,14
25437,57
25438,2
25439,19
25440,15
25441,38
25442,52
25443,63
25444,39
25445,34
25446,24
25447,10
25448,54
25449,58
25450,64
25451,44
25452,34
25453,35
25454,19
25455,14
25456,14
25457,25
25458,25
25459,61
25460,9
25461,49
25462,0
25463,38
25464,40
25465,21
25466,30
25467,1
25468,30
25469,7
25470,53
25471,45
25472,56
25473,28
25474,38
25475,47
25476,60
25477,5
25478,33
25479,15
25480,11
25481,10
25482,58
25483,32
25484,68
25485,23
25486,42
25487,28
25488,30
25489,31
25490,28
25491,50
25492,33
25493,27
25494,34
25495,41
25496,48
25497,61
25498,64
25499,41
25500,4
25501,4
25502,22
25503,49
25504,38
25505,2
25506,1
25507,32
25508,68
25509,9
25510,46
25511,11
25512,11
25513,3
25514,23
25515,24
25516,0
25517,32
25518,12
25519,46
25520,42
25521,9
25522,46
25523,32
25524,20
25525,32
25526,1
25527,0
25528,10
25529,60
25530,40
25531,46
25532,8
25533,0
25534,4
25535,0
25536,30
25537,3
25538,3
25539,21
25540,54
25541,29
25542,53
25543,27
25544,25
25545,48
25546,26
25547,8
25548,3
25549,27
25550,55
25551,37
25552,0
25553,18
25554,11
25555,0
25556,57
25557,4
25558,20
25559,4
25560,38
25561,0
25562,60
25563,42
25564,47
25565,32
25566,18
25567,3
25568,7
25569,22
25570,25
25571,38
25572,7
25573,52
25574,52
25575,38
25576,18
25577,21
25578,43
25579,3
25580,68
25581,45
25582,1
25583,10
25584,61
25585,32
25586,24
25587,14
25588,4
25589,2
25590,19
25591,59
25592,43
25593,10
25594,0
25595,40
25596,57
25597,4
25598,4
25599,18
25600,9
25601,5
25602,12
25603,17
25604,26
25605,0
25606,16
25607,36
25608,35
25609,13
25610,56
25611,24
25612,2
25613,35
25614,52
25615,41
25616,24
25617,16
25618,41
25619,15
25620,25
25621,58
25622,11
25623,47
25624,36
25625,9
25626,59
25627,4
25628,41
25629,20
25630,8
25631,3
25632,51
25633,27
25634,3
25635,17
25636,3
25637,37
25638,54
25639,48
25640,43
25641,13
25642,9
25643,8
25644,29
25645,23
25646,54
25647,7
25648,3
25649,20
25650,0
25651,20
25652,54
25653,9
25654,52
25655,47
25656,46
25657,44
25658,8
25659,0
25660,50
25661,21
25662,10
25663,1
25664,28
25665,49
25666,8
25667,43
25668,43
25669,6
25670,51
25671,4
25672,16
25673,50
25674,32
25675,43
25676,8
25677,14
25678,47
25679,0
25680,10
25681,17
25682,3
25683,24
25684,0
25685,31
25686,0
25687,58
25688,35
25689,26
25690,40
25691,1
25692,51
25693,62
25694,52
25695,2
25696,31
25697,63
25698,24
25699,40
25700,44
25701,32
25702,63
25703,34
25704,19
25705,13
25706,17
25707,26
25708,19
25709,15
25710,1
25711,57
25712,48
25713,20
25714,35
25715,44
25716,48
25717,67
25718,1
25719,38
25720,38
25721,13
25722,21
25723,7
25724,19
25725,36
25726,47
25727,19
25728,36
25729,55
25730,11
25731,63
25732,16
25733,9
25734,60
25735,18
25736,7
25737,20
25738,30
25739,0
25740,34
25741,38
25742,12
25743,56
25744,8
25745,38
25746,0
25747,50
25748,10
25749,22
25750,19
25751,67
25752,18
25753,66
25754,14
25755,9
25756,13
25757,9
25758,33
25759,2
25760,53
25761,59
25762,26
25763,15
25764,2
25765,44
25766,64
25767,56
25768,0
25769,14
25770,65
25771,31
25772,4
25773,35
25774,60
25775,44
25776,34
25777,17
25778,52
25779,59
25780,63
25781,33
25782,9
25783,39
25784,0
25785,33
25786,32
25787,32
25788,30
25789,15
25790,13
25791,31
25792,66
25793,24
25794,34
25795,26
25796,47
25797,52
25798,6
25799,33
25800,6
25801,15
25802,32
25803,22
25804,19
25805,54
25806,7
25807,33
25808,42
25809,9
25810,2
25811,10
25812,34
25813,3
25814,11
25815,16
25816,10
25817,16
25818,36
25819,24
25820,14
25821,22
25822,45
25823,15
25824,31
25825,8
25826,62
25827,2
25828,9
25829,50
25830,12
25831,65
25832,30
25833,28
25834,37
25835,40
25836,4
25837,26
25838,19
25839,40
25840,46
25841,28
25842,50
25843,56
25844,47
25845,13
25846,6
25847,43
25848,9
25849,0
25850,31
25851,8
25852,55
25853,56
25854,47
25855,17
25856,30
25857,21
25858,11
25859,50
25860,9
25861,1
25862,3
25863,30
25864,6
25865,10
25866,0
25867,60
25868,0
25869,21
25870,45
25871,43
25872,58
25873,29
25874,7
25875,24
25876,34
25877,38
25878,41
25879,21
25880,22
25881,6
25882,56
25883,65
25884,0
25885,46
25886,8
25887,37
25888,27
25889,23
25890,12
25891,13
25892,37
25893,0
25894,4
25895,20
25896,11
25897,19
25898,7
25899,18
25900,19
25901,7
25902,25
25903,4
25904,41
25905,35
25906,20
25907,3
25908,2
25909,24
25910,52
25911,9
25912,59
25913,27
25914,29
25915,30
25916,11
25917,0
25918,56
25919,0
25920,55
25921,57
25922,26
25923,23
25924,68
25925,12
25926,67
25927,17
25928,28
25929,38
25930,15
25931,57
25932,3
25933,36
25934,65
25935,49
25936,13
25937,0
25938,0
25939,63
25940,52
25941,27
25942,34
25943,53
25944,35
25945,28
25946,50
25947,38
25948,57
25949,14
25950,60
25951,35
25952,42
25953,29
25954,12
25955,25
25956,44
25957,17
25958,50
25959,12
25960,54
25961,27
25962,65
25963,4
25964,4
25965,33
25966,28
25967,3
25968,48
25969,13
25970,48
25971,10
25972,38
25973,8
25974,12
25975,11
25976,67
25977,32
25978,41
25979,51
25980,47
25981,38
25982,38
25983,9
25984,45
25985,37
25986,0
25987,60
25988,29
25989,21
25990,41
25991,46
25992,0
25993,14
25994,2
25995,1
25996,22
25997,33
25998,3
25999,18
26000,40
26001,27
26002,56
26003,29
26004,4
26005,28
26006,16
26007,6
26008,42
26009,27
26010,41
26011,15
26012,10
26013,21
26014,23
26015,8
26016,1
26017,0
26018,0
26019,0
26020,4
26021,12
26022,57
26023,0
26024,50
26025,51
26026,39
26027,29
26028,33
26029,50
26030,21
26031,35
26032,20
26033,34
26034,27
26035,13
26036,41
26037,32
26038,0
26039,2
26040,0
26041,42
26042,48
26043,50
26044,45
26045,0
26046,44
26047,37
26048,62
26049,3
26050,47
26051,15
26052,13
26053,42
26054,21
26055,7
26056,8
26057,52
26058,36
26059,57
26060,29
26061,20
26062,60
26063,54
26064,57
26065,39
26066,32
26067,22
26068,49
26069,7
26070,41
26071,4
26072,41
26073,55
26074,12
26075,24
26076,11
26077,58
26078,0
26079,12
26080,12
26081,8
26082,62
26083,6
26084,27
26085,55
26086,52
26087,5
26088,29
26089,13
26090,8
26091,2
26092,47
26093,23
26094,12
26095,4
26096,64
26097,38
26098,24
26099,53
26100,8
26101,55
26102,16
26103,22
26104,21
26105,46
26106,50
26107,19
26108,46
26109,45
26110,7
26111,20
26112,14
26113,4
26114,30
26115,33
26116,59
26117,8
26118,10
26119,59
26120,44
26121,15
26122,1
26123,34
26124,11
26125,59
26126,35
26127,35
26128,1
26129,11
26130,8
26131,2
26132,14
26133,31
26134,1
26135,15
26136,9
26137,66
26138,0
26139,34
26140,45
26141,58
26142,54
26143,45
26144,56
26145,2
26146,11
26147,27
26148,46
26149,34
26150,20
26151,31
26152,25
26153,3
26154,20
26155,41
26156,27
26157,22
26158,13
26159,16
26160,27
26161,58
26162,1
26163,7
26164,1
26165,12
26166,10
26167,19
26168,32
26169,5
26170,28
26171,7
26172,37
26173,61
26174,34
26175,39
26176,55
26177,15
26178,31
26179,7
26180,41
26181,13
26182,51
26183,34
26184,40
26185,11
26186,2
26187,51
26188,17
26189,3
26190,7
26191,55
26192,41
26193,34
26194,52
26195,15
26196,56
26197,34
26198,3
26199,25
26200,5
26201,20
26202,17
26203,30
26204,65
26205,35
26206,4
26207,1
26208,51
26209,48
26210,40
26211,48
26212,33
26213,4
26214,66
26215,41
26216,59
26217,4
26218,13
26219,45
26220,20
26221,51
26222,22
26223,54
26224,23
26225,65
26226,9
26227,42
26228,3
26229,44
26230,20
26231,47
26232,25
26233,18
26234,15
26235,32
26236,54
26237,12
26238,38
26239,45
26240,49
26241,22
26242,56
26243,25
26244,47
26245,55
26246,41
26247,29
26248,54
26249,9
26250,43
26251,58
26252,0
26253,13
26254,11
26255,16
26256,12
26257,27
26258,46
26259,42
26260,49
26261,39
26262,18
26263,62
26264,10
26265,58
26266,29
26267,5
26268,3
26269,27
26270,25
26271,17
26272,13
26273,33
26274,25
26275,7
26276,46
26277,11
26278,7
26279,35
26280,47
26281,9
26282,12
26283,30
26284,13
26285,8
26286,4
26287,21
26288,62
26289,12
26290,17
26291,46
26292,65
26293,30
26294,1
26295,61
26296,26
26297,54
26298,33
26299,2
26300,26
26301,7
26302,0
26303,56
26304,4
26305,41
26306,59
26307,52
26308,31
26309,31
26310,8
26311,55
26312,18
26313,59
26314,10
26315,10
26316,29
26317,10
26318,8
26319,6
26320,7
26321,31
26322,60
26323,40
26324,28
26325,38
26326,9
26327,41
26328,49
26329,9
26330,22
26331,18
26332,41
26333,26
26334,40
26335,41
26336,11
26337,1
26338,21
26339,55
26340,60
26341,60
26342,36
26343,24
26344,23
26345,24
26346,41
26347,19
26348,31
26349,46
26350,46
26351,51
26352,37
26353,6
26354,31
26355,44
26356,64
26357,56
26358,29
26359,21
26360,29
26361,39
26362,56
26363,15
26364,40
26365,65
26366,20
26367,3
26368,20
26369,23
26370,48
26371,35
26372,21
26373,2
26374,30
26375,14
26376,65
26377,6
26378,3
26379,16
26380,4
26381,24
26382,14
26383,48
26384,50
26385,4
26386,37
26387,30
26388,48
26389,14
26390,28
26391,60
26392,62
26393,38
26394,14
26395,45
26396,36
26397,1
26398,24
26399,37
26400,58
26401,11
26402,46
26403,57
26404,47
26405,27
26406,22
26407,41
26408,2
26409,9
26410,1
26411,15
26412,6
26413,2
26414,57
26415,30
26416,6
26417,20
26418,19
26419,29
26420,63
26421,30
26422,54
26423,42
26424,0
26425,21
26426,39
26427,40
26428,17
26429,5
26430,4
26431,7
26432,52
26433,55
26434,7
26435,30
26436,5
26437,0
26438,20
26439,49
26440,17
26441,2
26442,60
26443,41
26444,43
26445,54
26446,35
26447,0
26448,50
26449,50
26450,3
26451,22
26452,37
26453,32
26454,7
26455,34
26456,35
26457,21
26458,41
26459,38
26460,12
26461,3
26462,16
26463,53
26464,9
26465,31
26466,53
26467,29
26468,53
26469,5
26470,47
26471,16
26472,22
26473,67
26474,8
26475,11
26476,14
26477,2
26478,12
26479,31
26480,18
26481,41
26482,46
26483,17
26484,35
26485,9
26486,53
26487,18
26488,4
26489,48
26490,45
26491,32
26492,42
26493,30
26494,53
26495,2
26496,13
26497,7
26498,25
26499,28
26500,45
26501,32
26502,26
26503,44
26504,8
26505,63
26506,0
26507,12
26508,60
26509,11
26510,1
26511,27
26512,13
26513,32
26514,4
26515,3
26516,32
26517,28
26518,49
26519,68
26520,47
26521,3
26522,53
26523,17
26524,67
26525,30
26526,7
26527,5
26528,11
26529,11
26530,9
26531,35
26532,4
26533,60
26534,26
26535,19
26536,8
26537,14
26538,25
26539,10
26540,24
26541,5
26542,22
26543,15
26544,37
26545,7
26546,0
26547,24
26548,24
26549,29
26550,0
26551,0
26552,58
26553,49
26554,20
26555,41
26556,2
26557,40
26558,40
26559,11
26560,16
26561,2
26562,67
26563,23
26564,39
26565,8
26566,1
26567,14
26568,29
26569,41
26570,3
26571,4
26572,21
26573,6
26574,51
26575,0
26576,54
26577,41
26578,34
26579,14
26580,29
26581,54
26582,5
26583,36
26584,8
26585,61
26586,7
26587,10
26588,38
26589,39
26590,20
26591,10
26592,2
26593,7
26594,43
26595,68
26596,40
26597,35
26598,63
26599,4
26600,6
26601,22
26602,37
26603,25
26604,20
26605,0
26606,37
26607,42
26608,47
26609,31
26610,26
26611,9
26612,9
26613,37
26614,7
26615,40
26616,30
26617,26
26618,57
26619,0
26620,9
26621,40
26622,0
26623,0
26624,59
26625,55
26626,61
26627,22
26628,22
26629,11
26630,38
26631,16
26632,7
26633,53
26634,10
26635,14
26636,30
26637,62
26638,7
26639,50
26640,5
26641,15
26642,55
26643,50
26644,63
26645,0
26646,43
26647,22
26648,64
26649,29
26650,10
26651,25
26652,30
26653,4
26654,1
26655,22
26656,36
26657,21
26658,0
26659,38
26660,37
26661,0
26662,61
26663,23
26664,22
26665,2
26666,31
26667,12
26668,64
26669,51
26670,24
26671,26
26672,5
26673,10
26674,33
26675,32
26676,66
26677,8
26678,37
26679,24
26680,54
26681,53
26682,29
26683,9
26684,29
26685,47
26686,35
26687,27
26688,30
26689,60
26690,5
26691,0
26692,49
26693,14
26694,19
26695,1
26696,44
26697,40
26698,35
26699,7
26700,44
26701,46
26702,45
26703,25
26704,12
26705,8
26706,41
26707,32
26708,6
26709,5
26710,54
26711,10
26712,61
26713,45
26714,52
26715,1
26716,0
26717,17
26718,47
26719,40
26720,54
26721,38
26722,12
26723,49
26724,0
26725,17
26726,42
26727,43
26728,1
26729,21
26730,43
26731,51
26732,54
26733,0
26734,43
26735,50
26736,46
26737,25
26738,52
26739,28
26740,16
26741,42
26742,27
26743,42
26744,11
26745,28
26746,7
26747,10
26748,3
26749,41
26750,11
26751,35
26752,15
26753,5
26754,16
26755,16
26756,40
26757,53
26758,55
26759,23
26760,49
26761,34
26762,22
26763,28
26764,9
26765,35
26766,30
26767,42
26768,4
26769,38
26770,28
26771,37
26772,30
26773,48
26774,22
26775,5
26776,38
26777,26
26778,28
26779,45
26780,19
26781,24
26782,8
26783,2
26784,16
26785,13
26786,53
26787,52
26788,7
26789,49
26790,23
26791,43
26792,14
26793,13
26794,56
26795,58
26796,51
26797,33
26798,23
26799,22
26800,31
26801,59
26802,14
26803,40
26804,62
26805,22
26806,60
26807,43
26808,33
26809,45
26810,38
26811,5
26812,0
26813,13
26814,2
26815,36
26816,16
26817,37
26818,48
26819,16
26820,16
26821,10
26822,44
26823,0
26824,63
26825,33
26826,29
26827,48
26828,61
26829,59
26830,1
26831,9
26832,13
26833,47
26834,28
26835,48
26836,4
26837,33
26838,59
26839,16
26840,21
26841,37
26842,29
26843,56
26844,6
26845,58
26846,51
26847,20
26848,17
26849,18
26850,52
26851,52
26852,14
26853,27
26854,53
26855,8
26856,18
26857,15
26858,19
26859,53
26860,5
26861,20
26862,6
26863,4
26864,14
26865,32
26866,27
26867,23
26868,23
26869,3
26870,39
26871,21
26872,21
26873,52
26874,4
26875,20
26876,30
26877,55
26878,42
26879,20
26880,25
26881,67
26882,30
26883,34
26884,34
26885,31
26886,21
26887,38
26888,67
26889,61
26890,10
26891,26
26892,31
26893,55
26894,41
26895,36
26896,8
26897,43
26898,13
26899,3
26900,68
26901,30
26902,2
26903,53
26904,46
26905,39
26906,50
26907,25
26908,10
26909,38
26910,28
26911,52
26912,9
26913,23
26914,44
26915,21
26916,53
26917,41
26918,15
26919,29
26920,1
26921,4
26922,13
26923,13
26924,39
26925,30
26926,16
26927,42
26928,33
26929,16
26930,5
26931,3
26932,64
26933,50
26934,24
26935,60
26936,12
26937,18
26938,24
26939,32
26940,55
26941,67
26942,11
26943,13
26944,48
26945,20
26946,30
26947,33
26948,25
26949,6
26950,21
26951,8
26952,38
26953,8
26954,17
26955,42
26956,57
26957,15
26958,57
26959,6
26960,55
26961,26
26962,61
26963,23
26964,27
26965,37
26966,40
26967,58
26968,11
26969,55
26970,23
26971,27
26972,8
26973,57
26974,60
26975,2
26976,59
26977,31
26978,26
26979,49
26980,46
26981,15
26982,35
26983,4
26984,12
26985,37
26986,20
26987,0
26988,14
26989,7
26990,6
26991,25
26992,2
26993,16
26994,8
26995,24
26996,59
26997,52
26998,16
26999,18
27000,28
27001,15
27002,11
27003,4
27004,1
27005,45
27006,17
27007,11
27008,19
27009,28
27010,0
27011,42
27012,17
27013,41
27014,53
27015,36
27016,39
27017,26
27018,13
27019,35
27020,38
27021,6
27022,5
27023,33
27024,25
27025,0
27026,45
27027,23
27028,18
27029,19
27030,18
27031,46
27032,6
27033,35
27034,48
27035,39
27036,16
27037,28
27038,35
27039,16
27040,43
27041,7
27042,51
27043,0
27044,0
27045,9
27046,1
27047,26
27048,2
27049,49
27050,32
27051,11
27052,39
27053,66
27054,8
27055,1
27056,35
27057,6
27058,11
27059,14
27060,29
27061,25
27062,6
27063,17
27064,8
27065,51
27066,44
27067,8
27068,39
27069,1
27070,9
27071,28
27072,5
27073,13
27074,2
27075,19
27076,37
27077,38
27078,53
27079,54
27080,56
27081,64
27082,17
27083,27
27084,30
27085,7
27086,55
27087,55
27088,50
27089,24
27090,52
27091,4
27092,39
27093,9
27094,15
27095,39
27096,6
27097,66
27098,18
27099,36
27100,43
27101,31
27102,32
27103,31
27104,66
27105,4
27106,36
27107,28
27108,13
27109,52
27110,27
27111,5
27112,29
27113,11
27114,28
27115,5
27116,41
27117,43
27118,5
27119,63
27120,33
27121,7
27122,64
27123,4
27124,10
27125,60
27126,55
27127,52
27128,0
27129,29
27130,32
27131,35
27132,41
27133,24
27134,9
27135,8
27136,29
27137,12
27138,0
27139,40
27140,18
27141,45
27142,38
27143,24
27144,0
27145,56
27146,30
27147,32
27148,1
27149,61
27150,2
27151,38
27152,10
27153,4
27154,43
27155,28
27156,17
27157,40
27158,35
27159,25
27160,6
27161,51
27162,9
27163,45
27164,19
27165,11
27166,19
27167,1
27168,21
27169,54
27170,17
27171,1
27172,4
27173,25
27174,59
27175,0
27176,7
27177,10
27178,1
27179,55
27180,36
27181,29
27182,38
27183,37
27184,30
27185,1
27186,9
27187,30
27188,20
27189,34
27190,3
27191,22
27192,26
27193,2
27194,7
27195,13
27196,16
27197,10
27198,0
27199,16
27200,1
27201,0
27202,50
27203,59
27204,58
27205,49
27206,45
27207,32
27208,47
27209,55
27210,16
27211,41
27212,44
27213,15
27214,55
27215,4
27216,43
27217,57
27218,51
27219,54
27220,58
27221,7
27222,20
27223,26
27224,15
27225,37
27226,22
27227,18
27228,9
27229,17
27230,50
27231,17
27232,26
27233,35
27234,5
27235,5
27236,7
27237,14
27238,1
27239,9
27240,32
27241,5
27242,1
27243,22
27244,5
27245,0
27246,56
27247,36
27248,4
27249,38
27250,11
27251,11
27252,44
27253,53
27254,50
27255,17
27256,24
27257,13
27258,23
27259,26
27260,3
27261,32
27262,12
27263,1
27264,57
27265,66
27266,14
27267,38
27268,45
27269,44
27270,52
27271,65
27272,33
27273,29
27274,32
27275,63
27276,67
27277,61
27278,45
27279,35
27280,54
27281,34
27282,7
27283,44
27284,57
27285,18
27286,12
27287,60
27288,64
27289,27
27290,25
27291,28
27292,13
27293,40
27294,37
27295,23
27296,54
27297,24
27298,47
27299,32
27300,65
27301,20
27302,50
27303,32
27304,3
27305,3
27306,2
27307,27
27308,10
27309,62
27310,35
27311,52
27312,36
27313,12
27314,3
27315,31
27316,24
27317,35
27318,66
27319,42
27320,51
27321,13
27322,1
27323,23
27324,37
27325,5
27326,60
27327,27
27328,8
27329,39
27330,45
27331,14
27332,36
27333,11
27334,8
27335,53
27336,58
27337,18
27338,44
27339,28
27340,31
27341,26
27342,2
27343,25
27344,16
27345,31
27346,42
27347,5
27348,35
27349,26
27350,20
27351,21
27352,9
27353,4
27354,23
27355,66
27356,16
27357,13
27358,54
27359,37
27360,28
27361,43
27362,24
27363,31
27364,13
27365,18
27366,0
27367,22
27368,52
27369,0
27370,17
27371,10
27372,33
27373,51
27374,36
27375,4
27376,16
27377,40
27378,5
27379,20
27380,46
27381,11
27382,26
27383,68
27384,48
27385,51
27386,46
27387,31
27388,52
27389,56
27390,13
27391,1
27392,9
27393,67
27394,12
27395,20
27396,20
27397,39
27398,40
27399,2
27400,56
27401,26
27402,25
27403,46
27404,28
27405,11
27406,50
27407,5
27408,35
27409,27
27410,66
27411,15
27412,11
27413,11
27414,34
27415,39
27416,11
27417,53
27418,9
27419,15
27420,24
27421,54
27422,0
27423,30
27424,16
27425,17
27426,13
27427,54
27428,51
27429,19
27430,27
27431,20
27432,26
27433,17
27434,30
27435,47
27436,18
27437,16
27438,55
27439,53
27440,53
27441,29
27442,36
27443,31
27444,16
27445,2
27446,59
27447,34
27448,23
27449,5
27450,34
27451,31
27452,3
27453,49
27454,32
27455,16
27456,17
27457,51
27458,36
27459,65
27460,27
27461,47
27462,45
27463,7
27464,50
27465,51
27466,43
27467,15
27468,54
27469,54
27470,3
27471,9
27472,37
27473,4
27474,9
27475,13
27476,0
27477,28
27478,41
27479,37
27480,39
27481,17
27482,22
27483,44
27484,63
27485,3
27486,26
27487,31
27488,6
27489,31
27490,51
27491,21
27492,43
27493,59
27494,34
27495,55
27496,36
27497,5
27498,67
27499,45
27500,19
27501,5
27502,49
27503,51
27504,28
27505,41
27506,16
27507,10
27508,38
27509,23
27510,38
27511,54
27512,37
27513,45
27514,48
27515,50
27516,47
27517,42
27518,1
27519,62
27520,30
27521,33
27522,31
27523,49
27524,39
27525,43
27526,19
27527,22
27528,53
27529,2
27530,42
27531,63
27532,29
27533,41
27534,41
27535,21
27536,64
27537,37
27538,21
27539,34
27540,23
27541,9
27542,28
27543,41
27544,29
27545,9
27546,2
27547,2
27548,17
27549,50
27550,12
27551,32
27552,23
27553,52
27554,10
27555,35
27556,21
27557,64
27558,50
27559,8
27560,45
27561,36
27562,26
27563,13
27564,7
27565,5
27566,6
27567,20
27568,18
27569,66
27570,7
27571,36
27572,18
27573,44
27574,6
27575,8
27576,55
27577,37
27578,31
27579,0
27580,18
27581,61
27582,59
27583,13
27584,24
27585,17
27586,41
27587,24
27588,47
27589,0
27590,41
27591,53
27592,65
27593,32
27594,19
27595,12
27596,6
27597,12
27598,33
27599,14
27600,1
27601,11
27602,7
27603,46
27604,46
27605,41
27606,42
27607,49
27608,43
27609,4
27610,0
27611,3
27612,52
27613,51
27614,46
27615,40
27616,28
27617,11
27618,66
27619,14
27620,0
27621,51
27622,2
27623,9
27624,34
27625,27
27626,50
27627,0
27628,14
27629,41
27630,7
27631,40
27632,17
27633,50
27634,16
27635,0
27636,23
27637,53
27638,12
27639,59
27640,11
27641,32
27642,13
27643,10
27644,23
27645,36
27646,46
27647,28
27648,35
27649,43
27650,3
27651,49
27652,59
27653,2
27654,55
27655,51
27656,54
27657,45
27658,57
27659,54
27660,59
27661,14
27662,9
27663,17
27664,19
27665,46
27666,6
27667,11
27668,42
27669,48
27670,5
27671,10
27672,2
27673,17
27674,22
27675,5
27676,26
27677,9
27678,54
27679,58
27680,9
27681,27
27682,20
27683,65
27684,45
27685,4
27686,17
27687,6
27688,58
27689,37
27690,7
27691,4
27692,66
27693,12
27694,44
27695,17
27696,42
27697,37
27698,34
27699,63
27700,34
27701,39
27702,27
27703,18
27704,15
27705,68
27706,66
27707,44
27708,31
27709,66
27710,3
27711,2
27712,1
27713,12
27714,25
27715,34
27716,1
27717,15
27718,3
27719,28
27720,43
27721,39
27722,27
27723,64
27724,23
27725,4
27726,15
27727,20
27728,33
27729,61
27730,37
27731,6
27732,9
27733,42
27734,2
27735,37
27736,17
27737,17
27738,31
27739,2
27740,27
27741,13
27742,9
27743,30
27744,25
27745,15
27746,18
27747,51
27748,4
27749,20
27750,40
27751,22
27752,10
27753,29
27754,35
27755,6
27756,6
27757,4
27758,43
27759,50
27760,0
27761,10
27762,62
27763,31
27764,18
27765,56
27766,48
27767,24
27768,10
27769,24
27770,42
27771,26
27772,26
27773,14
27774,13
27775,37
27776,0
27777,8
27778,31
27779,37
27780,50
27781,54
27782,5
27783,67
27784,41
27785,7
27786,46
27787,26
27788,40
27789,55
27790,14
27791,0
27792,4
27793,25
27794,22
27795,29
27796,34
27797,22
27798,30
27799,39
27800,20
27801,10
27802,34
27803,27
27804,55
27805,13
27806,30
27807,23
27808,46
27809,52
27810,31
27811,15
27812,37
27813,0
27814,25
27815,6
27816,7
27817,15
27818,14
27819,24
27820,17
27821,13
27822,23
27823,24
27824,7
27825,35
27826,30
27827,14
27828,21
27829,38
27830,61
27831,39
27832,47
27833,50
27834,30
27835,42
27836,49
27837,40
27838,41
27839,54
27840,32
27841,53
27842,63
27843,58
27844,20
27845,44
27846,17
27847,53
27848,17
27849,0
27850,19
27851,11
27852,13
27853,53
27854,26
27855,41
27856,51
27857,10
27858,9
27859,64
27860,12
27861,23
27862,45
27863,29
27864,36
27865,27
27866,21
27867,41
27868,0
27869,36
27870,7
27871,31
27872,3
27873,45
27874,58
27875,55
27876,15
27877,24
27878,12
27879,67
27880,62
27881,60
27882,0
27883,25
27884,38
27885,37
27886,46
27887,24
27888,5
27889,41
27890,66
27891,35
27892,3
27893,34
27894,10
27895,36
27896,29
27897,1
27898,0
27899,16
27900,15
27901,22
27902,22
27903,29
27904,17
27905,63
27906,20
27907,2
27908,44
27909,42
27910,12
27911,6
27912,41
27913,29
27914,36
27915,22
27916,33
27917,47
27918,14
27919,64
27920,14
27921,12
27922,14
27923,28
27924,53
27925,41
27926,36
27927,9
27928,1
27929,35
27930,34
27931,35
27932,19
27933,61
27934,52
27935,7
27936,9
27937,27
27938,3
27939,51
27940,0
27941,27
27942,51
27943,3
27944,37
27945,8
27946,7
27947,17
27948,56
27949,0
27950,28
27951,14
27952,2
27953,10
27954,36
27955,5
27956,49
27957,2
27958,27
27959,51
27960,8
27961,48
27962,63
27963,57
27964,0
27965,38
27966,19
27967,9
27968,15
27969,1
27970,48
27971,53
27972,14
27973,49
27974,13
27975,48
27976,26
27977,47
27978,52
27979,26
27980,16
27981,47
27982,2
27983,3
27984,30
27985,22
27986,58
27987,60
27988,67
27989,7
27990,48
27991,18
27992,12
27993,18
27994,19
27995,6
27996,39
27997,33
27998,16
27999,39
28000,51
28001,50
28002,14
28003,6
28004,4
28005,4
28006,37
28007,18
28008,30
28009,42
28010,62
28011,27
28012,32
28013,39
28014,0
28015,43
28016,7
28017,37
28018,4
28019,22
28020,23
28021,29
28022,14
28023,55
28024,28
28025,44
28026,14
28027,3
28028,34
28029,44
28030,8
28031,7
28032,23
28033,30
28034,38
28035,49
28036,34
28037,27
28038,35
28039,10
28040,10
28041,11
28042,18
28043,17
28044,35
28045,36
28046,15
28047,64
28048,19
28049,37
28050,3
28051,13
28052,11
28053,2
28054,7
28055,2
28056,53
28057,4
28058,43
28059,56
28060,35
28061,26
28062,32
28063,25
28064,6
28065,37
28066,8
28067,19
28068,43
28069,61
28070,55
28071,47
28072,36
28073,25
28074,19
28075,1
28076,38
28077,52
28078,12
28079,2
28080,19
28081,59
28082,20
28083,48
28084,67
28085,52
28086,35
28087,35
28088,11
28089,2
28090,50
28091,60
28092,31
28093,17
28094,0
28095,20
28096,0
28097,0
28098,0
28099,67
28100,50
28101,22
28102,32
28103,31
28104,28
28105,23
28106,12
28107,1
28108,32
28109,2
28110,56
28111,7
28112,4
28113,28
28114,65
28115,16
28116,41
28117,44
28118,54
28119,31
28120,25
28121,33
28122,7
28123,14
28124,7
28125,35
28126,5
28127,38
28128,15
28129,44
28130,29
28131,49
28132,49
28133,1
28134,3
28135,19
28136,42
28137,36
28138,26
28139,14
28140,7
28141,60
28142,0
28143,25
28144,0
28145,0
28146,2
28147,15
28148,51
28149,13
28150,18
28151,52
28152,51
28153,9
28154,29
28155,49
28156,11
28157,31
28158,52
28159,16
28160,13
28161,31
28162,34
28163,9
28164,30
28165,13
28166,14
28167,22
28168,9
28169,32
28170,15
28171,4
28172,67
28173,36
28174,43
28175,32
28176,34
28177,49
28178,12
28179,7
28180,32
28181,0
28182,43
28183,2
28184,11
28185,17
28186,40
28187,23
28188,44
28189,51
28190,0
28191,0
28192,2
28193,30
28194,0
28195,17
28196,63
28197,63
28198,43
28199,20
28200,4
28201,59
28202,14
28203,24
28204,15
28205,25
28206,16
28207,36
28208,13
28209,38
28210,61
28211,54
28212,29
28213,43
28214,41
28215,30
28216,1
28217,50
28218,15
28219,11
28220,18
28221,19
28222,4
28223,22
28224,23
28225,57
28226,40
28227,37
28228,62
28229,0
28230,0
28231,3
28232,42
28233,32
28234,19
28235,38
28236,22
28237,54
28238,61
28239,18
28240,14
28241,43
28242,16
28243,20
28244,50
28245,5
28246,26
28247,10
28248,18
28249,29
28250,50
28251,12
28252,41
28253,17
28254,3
28255,16
28256,33
28257,46
28258,26
28259,62
28260,44
28261,15
28262,23
28263,18
28264,59
28265,15
28266,44
28267,27
28268,6
28269,20
28270,39
28271,3
28272,30
28273,32
28274,1
28275,20
28276,46
28277,17
28278,56
28279,42
28280,10
28281,22
28282,1
28283,24
28284,1
28285,57
28286,0
28287,37
28288,3
28289,36
28290,37
28291,29
28292,33
28293,8
28294,20
28295,0
28296,50
28297,27
28298,7
28299,66
28300,9
28301,7
28302,6
28303,59
28304,9
28305,37
28306,17
28307,3
28308,32
28309,26
28310,54
28311,9
28312,19
28313,34
28314,1
28315,9
28316,56
28317,26
28318,29
28319,47
28320,45
28321,28
28322,6
28323,23
28324,42
28325,21
28326,2
28327,56
28328,50
28329,40
28330,18
28331,0
28332,0
28333,32
28334,17
28335,6
28336,24
28337,7
28338,34
28339,35
28340,12
28341,42
28342,2
28343,2
28344,42
28345,49
28346,14
28347,1
28348,49
28349,29
28350,43
28351,10
28352,0
28353,2
28354,52
28355,60
28356,8
28357,32
28358,9
28359,16
28360,61
28361,42
28362,39
28363,7
28364,8
28365,26
28366,47
28367,12
28368,58
28369,56
28370,43
28371,36
28372,5
28373,35
28374,46
28375,53
28376,2
28377,46
28378,24
28379,44
28380,15
28381,10
28382,15
28383,25
28384,60
28385,31
28386,55
28387,5
28388,38
28389,19
28390,2
28391,31
28392,43
28393,63
28394,55
28395,9
28396,13
28397,11
28398,4
28399,25
28400,17
28401,9
28402,48
28403,20
28404,37
28405,2
28406,2
28407,43
28408,23
28409,2
28410,18
28411,32
28412,33
28413,0
28414,5
28415,35
28416,33
28417,10
28418,2
28419,12
28420,17
28421,66
28422,58
28423,5
28424,3
28425,29
28426,55
28427,54
28428,63
28429,37
28430,44
28431,10
28432,14
28433,64
28434,16
28435,31
28436,24
28437,24
28438,9
28439,55
28440,32
28441,33
28442,26
28443,19
28444,9
28445,29
28446,19
28447,17
28448,6
28449,24
28450,29
28451,8
28452,31
28453,32
28454,21
28455,7
28456,21
28457,39
28458,49
28459,16
28460,28
28461,21
28462,27
28463,19
28464,1
28465,45
28466,57
28467,46
28468,39
28469,0
28470,20
28471,7
28472,7
28473,17
28474,32
28475,25
28476,59
28477,12
28478,30
28479,47
28480,12
28481,26
28482,7
28483,3
28484,17
28485,23
28486,34
28487,51
28488,27
28489,8
28490,31
28491,21
28492,50
28493,5
28494,18
28495,9
28496,28
28497,46
28498,46
28499,0
28500,59
28501,34
28502,31
28503,29
28504,15
28505,12
28506,41
28507,50
28508,13
28509,9
28510,39
28511,35
28512,60
28513,5
28514,19
28515,24
28516,10
28517,14
28518,10
28519,32
28520,67
28521,51
28522,0
28523,17
28524,66
28525,51
28526,52
28527,8
28528,0
28529,32
28530,68
28531,9
28532,21
28533,16
28534,22
28535,21
28536,17
28537,14
28538,1
28539,50
28540,41
28541,38
28542,37
28543,6
28544,13
28545,19
28546,42
28547,16
28548,8
28549,53
28550,24
28551,23
28552,31
28553,64
28554,62
28555,0
28556,11
28557,21
28558,46
28559,54
28560,10
28561,6
28562,49
28563,26
28564,2
28565,58
28566,57
28567,49
28568,22
28569,25
28570,59
28571,15
28572,63
28573,26
28574,59
28575,31
28576,30
28577,12
28578,1
28579,37
28580,34
28581,19
28582,2
28583,9
28584,42
28585,63
28586,0
28587,67
28588,24
28589,48
28590,0
28591,10
28592,50
28593,15
28594,36
28595,0
28596,32
28597,14
28598,35
28599,44
28600,36
28601,15
28602,42
28603,51
28604,8
28605,22
28606,15
28607,52
28608,3
28609,36
28610,18
28611,12
28612,40
28613,5
28614,22
28615,25
28616,15
28617,30
28618,57
28619,34
28620,1
28621,48
28622,4
28623,20
28624,3
28625,62
28626,9
28627,37
28628,7
28629,53
28630,50
28631,66
28632,14
28633,0
28634,31
28635,34
28636,37
28637,56
28638,35
28639,53
28640,1
28641,41
28642,37
28643,12
28644,5
28645,43
28646,55
28647,32
28648,10
28649,39
28650,11
28651,14
28652,22
28653,61
28654,44
28655,46
28656,21
28657,55
28658,18
28659,31
28660,41
28661,49
28662,17
28663,8
28664,52
28665,18
28666,66
28667,28
28668,1
28669,7
28670,38
28671,35
28672,42
28673,20
28674,8
28675,43
28676,24
28677,54
28678,33
28679,7
28680,23
28681,23
28682,31
28683,54
28684,40
28685,22
28686,0
28687,0
28688,0
28689,20
28690,30
28691,5
28692,62
28693,18
28694,1
28695,43
28696,32
28697,33
28698,3
28699,0
28700,7
28701,11
28702,55
28703,40
28704,51
28705,61
28706,37
28707,26
28708,61
28709,15
28710,61
28711,68
28712,18
28713,54
28714,0
28715,41
28716,39
28717,57
28718,56
28719,50
28720,2
28721,13
28722,14
28723,7
28724,24
28725,38
28726,44
28727,20
28728,57
28729,4
28730,46
28731,12
28732,60
28733,27
28734,20
28735,20
28736,33
28737,0
28738,33
28739,40
28740,27
28741,40
28742,67
28743,32
28744,15
28745,31
28746,29
28747,23
28748,2
28749,67
28750,0
28751,2
28752,10
28753,0
28754,62
28755,31
28756,54
28757,7
28758,5
28759,38
28760,33
28761,6
28762,45
28763,56
28764,48
28765,62
28766,53
28767,38
28768,4
28769,16
28770,41
28771,1
28772,16
28773,39
28774,10
28775,16
28776,38
28777,32
28778,9
28779,8
28780,4
28781,1
28782,48
28783,38
28784,17
28785,56
28786,18
28787,31
28788,13
28789,53
28790,35
28791,52
28792,7
28793,54
28794,54
28795,52
28796,3
28797,30
28798,27
28799,22
28800,31
28801,36
28802,44
28803,9
28804,60
28805,18
28806,31
28807,57
28808,39
28809,49
28810,49
28811,51
28812,14
28813,21
28814,38
28815,39
28816,38
28817,7
28818,1
28819,58
28820,67
28821,45
28822,26
28823,34
28824,4
28825,34
28826,56
28827,7
28828,30
28829,11
28830,42
28831,36
28832,46
28833,9
28834,24
28835,43
28836,5
28837,22
28838,45
28839,0
28840,11
28841,3
28842,24
28843,23
28844,12
28845,33
28846,55
28847,27
28848,44
28849,1
28850,6
28851,38
28852,23
28853,0
28854,2
28855,11
28856,6
28857,33
28858,1
28859,18
28860,14
28861,17
28862,32
28863,64
28864,9
28865,10
28866,1
28867,51
28868,18
28869,2
28870,0
28871,10
28872,32
28873,2
28874,7
28875,29
28876,1
28877,59
28878,26
28879,44
28880,1
28881,33
28882,67
28883,34
28884,2
28885,0
28886,48
28887,1
28888,45
28889,32
28890,0
28891,60
28892,2
28893,18
28894,49
28895,2
28896,60
28897,56
28898,13
28899,32
28900,6
28901,44
28902,10
28903,21
28904,41
28905,12
28906,8
28907,30
28908,44
28909,23
28910,11
28911,6
28912,15
28913,26
28914,9
28915,66
28916,39
28917,56
28918,58
28919,30
28920,6
28921,23
28922,67
28923,46
28924,13
28925,64
28926,64
28927,16
28928,41
28929,54
28930,42
28931,4
28932,58
28933,3
28934,37
28935,44
28936,48
28937,16
28938,34
28939,21
28940,4
28941,10
28942,26
28943,21
28944,19
28945,20
28946,27
28947,12
28948,60
28949,13
28950,46
28951,39
28952,59
28953,4
28954,18
28955,12
28956,6
28957,20
28958,3
28959,8
28960,8
28961,29
28962,15
28963,36
28964,47
28965,59
28966,28
28967,49
28968,50
28969,11
28970,59
28971,0
28972,2
28973,10
28974,14
28975,12
28976,43
28977,36
28978,24
28979,54
28980,38
28981,48
28982,35
28983,9
28984,38
28985,14
28986,2
28987,12
28988,25
28989,40
28990,19
28991,22
28992,1
28993,53
28994,1
28995,39
28996,19
28997,21
28998,13
28999,15
29000,51
29001,15
29002,68
29003,32
29004,38
29005,58
29006,13
29007,27
29008,30
29009,11
29010,12
29011,41
29012,38
29013,5
29014,25
29015,59
29016,5
29017,9
29018,45
29019,36
29020,8
29021,0
29022,45
29023,38
29024,54
29025,42
29026,6
29027,3
29028,21
29029,18
29030,32
29031,25
29032,12
29033,58
29034,50
29035,38
29036,9
29037,29
29038,27
29039,31
29040,22
29041,39
29042,13
29043,21
29044,5
29045,37
29046,28
29047,0
29048,40
29049,44
29050,41
29051,21
29052,7
29053,25
29054,54
29055,5
29056,58
29057,29
29058,9
29059,25
29060,57
29061,48
29062,10
29063,6
29064,15
29065,61
29066,49
29067,20
29068,33
29069,34
29070,48
29071,9
29072,62
29073,36
29074,51
29075,13
29076,24
29077,63
29078,47
29079,44
29080,43
29081,52
29082,43
29083,16
29084,49
29085,34
29086,39
29087,45
29088,35
29089,31
29090,2
29091,31
29092,40
29093,23
29094,10
29095,66
29096,56
29097,61
29098,12
29099,33
29100,3
29101,43
29102,26
29103,1
29104,25
29105,40
29106,2
29107,26
29108,41
29109,46
29110,46
29111,12
29112,35
29113,40
29114,24
29115,36
29116,24
29117,11
29118,27
29119,41
29120,15
29121,45
29122,17
29123,22
29124,3
29125,39
29126,9
29127,49
29128,44
29129,31
29130,64
29131,1
29132,4
29133,15
29134,31
29135,24
29136,19
29137,19
29138,33
29139,45
29140,12
29141,32
29142,36
29143,19
29144,14
29145,10
29146,63
29147,47
29148,11
29149,0
29150,7
29151,15
29152,65
29153,48
29154,11
29155,0
29156,0
29157,53
29158,39
29159,64
29160,31
29161,59
29162,9
29163,24
29164,3
29165,55
29166,1
29167,33
29168,42
29169,40
29170,41
29171,2
29172,0
29173,57
29174,3
29175,6
29176,48
29177,15
29178,26
29179,34
29180,13
29181,16
29182,56
29183,11
29184,67
29185,6
29186,11
29187,20
29188,11
29189,43
29190,42
29191,56
29192,4
29193,28
29194,59
29195,14
29196,9
29197,7
29198,34
29199,25
29200,17
29201,33
29202,6
29203,8
29204,42
29205,27
29206,4
29207,1
29208,34
29209,18
29210,49
29211,15
29212,9
29213,49
29214,31
29215,42
29216,33
29217,35
29218,33
29219,31
29220,62
29221,3
29222,5
29223,40
29224,47
29225,36
29226,37
29227,54
29228,21
29229,24
29230,51
29231,2
29232,65
29233,32
29234,51
29235,18
29236,36
29237,56
29238,8
29239,35
29240,21
29241,47
29242,28
29243,24
29244,53
29245,48
29246,15
29247,40
29248,44
29249,6
29250,39
29251,65
29252,57
29253,36
29254,13
29255,25
29256,27
29257,0
29258,10
29259,55
29260,17
29261,33
29262,34
29263,62
29264,43
29265,4
29266,11
29267,12
29268,59
29269,37
29270,4
29271,51
29272,18
29273,37
29274,64
29275,26
29276,18
29277,61
29278,42
29279,23
29280,40
29281,42
29282,36
29283,67
29284,25
29285,1
29286,1
29287,41
29288,34
29289,31
29290,37
29291,32
29292,21
29293,1
29294,13
29295,17
29296,1
29297,22
29298,14
29299,11
29300,40
29301,5
29302,31
29303,29
29304,51
29305,35
29306,20
29307,49
29308,53
29309,67
29310,22
29311,55
29312,10
29313,53
29314,64
29315,41
29316,4
29317,10
29318,16
29319,9
29320,31
29321,6
29322,42
29323,49
29324,53
29325,15
29326,7
29327,46
29328,21
29329,32
29330,50
29331,19
29332,26
29333,11
29334,30
29335,63
29336,19
29337,20
29338,4
29339,8
29340,3
29341,25
29342,13
29343,20
29344,20
29345,16
29346,52
29347,49
29348,61
29349,31
29350,0
29351,29
29352,49
29353,21
29354,43
29355,14
29356,21
29357,26
29358,1
29359,12
29360,36
29361,35
29362,6
29363,57
29364,6
29365,45
29366,48
29367,22
29368,50
29369,42
29370,12
29371,26
29372,34
29373,64
29374,38
29375,45
29376,21
29377,41
29378,35
29379,3
29380,60
29381,49
29382,24
29383,37
29384,54
29385,43
29386,31
29387,47
29388,46
29389,17
29390,33
29391,7
29392,29
29393,52
29394,41
29395,5
29396,12
29397,62
29398,45
29399,14
29400,15
29401,25
29402,6
29403,1
29404,18
29405,38
29406,50
29407,4
29408,20
29409,58
29410,2
29411,10
29412,51
29413,4
29414,10
29415,38
29416,6
29417,15
29418,5
29419,30
29420,1
29421,51
29422,32
29423,0
29424,31
29425,8
29426,7
29427,58
29428,5
29429,14
29430,60
29431,35
29432,55
29433,49
29434,20
29435,6
29436,5
29437,22
29438,6
29439,8
29440,1
29441,13
29442,60
29443,0
29444,30
29445,19
29446,31
29447,43
29448,45
29449,6
29450,53
29451,52
29452,31
29453,33
29454,43
29455,54
29456,17
29457,6
29458,25
29459,8
